"Molecule.ChEMBL.ID","Smiles","Standard.Value"
"CHEMBL488910","COc1ccc2c3c([nH]c2c1)[C@H](CC(C)C)N1C(=O)[C@H](CCC(=O)OC(C)(C)C)NC(=O)[C@@H]1C3",0.005
"CHEMBL3110296","COc1ccc2[nH]cc(CCNC(=O)c3cc(=O)c4ccc(OCc5ccc(Br)cc5)cc4o3)c2c1",0.01
"CHEMBL4170247","O=[N+]([O-])c1cccc(-c2nc(Nc3ccc4c(c3)OCCO4)c3ccccc3n2)c1",0.02
"CHEMBL4172752","COc1cccc(-c2nc(Nc3cccc(F)c3)c3cc([N+](=O)[O-])ccc3n2)c1",0.0234
"CHEMBL4168022","O=[N+]([O-])c1ccc2nc(-c3cccc(C(F)(F)F)c3)nc(Nc3cccc(O)c3)c2c1",0.0276
"CHEMBL4163310","COc1cccc(-c2nc(Nc3ccc(C#N)cc3)c3cc([N+](=O)[O-])ccc3n2)c1",0.0278
"CHEMBL4167856","COc1ccc(Nc2nc(-c3cccc(C(F)(F)F)c3)nc3ccc([N+](=O)[O-])cc23)cc1OC",0.0302
"CHEMBL4166754","O=[N+]([O-])c1ccc2nc(-c3cccc(C(F)(F)F)c3)nc(Nc3ccc(O)c([N+](=O)[O-])c3)c2c1",0.033
"CHEMBL4160408","COc1cccc(Nc2nc(-c3ccccc3)nc3ccc([N+](=O)[O-])cc23)c1",0.0331
"CHEMBL4171017","COc1ccc(Nc2nc(-c3ccccc3)nc3ccc([N+](=O)[O-])cc23)cc1OC",0.037
"CHEMBL4163063","O=[N+]([O-])c1ccc2nc(-c3ccccc3)nc(Nc3ccc(O)c([N+](=O)[O-])c3)c2c1",0.0374
"CHEMBL3582168","COc1cc(OC)c2c(c1)O[C@H](c1cc(OC)c(OC)c(OC)c1)[C@@H](OC(=O)c1ccc(F)c(NC(=O)c3cc(OC)c(OC)c(OC)c3)c1)C2",0.038
"CHEMBL3092486","COc1ccc(-c2nc(Nc3ccc([N+](=O)[O-])cc3)c3ccccc3n2)cc1OC",0.0436
"CHEMBL4171213","CC(=O)Nc1cccc(Nc2nc(-c3cccc(C(F)(F)F)c3)nc3ccc([N+](=O)[O-])cc23)c1",0.0448
"CHEMBL4164420","O=[N+]([O-])c1ccc2nc(-c3cccc(C(F)(F)F)c3)nc(Nc3cccc(F)c3)c2c1",0.0448
"CHEMBL3582167","COc1cc(OC)c2c(c1)O[C@H](c1cc(OC)c(OC)c(OC)c1)[C@@H](OC(=O)c1ccc(F)c(NC(=O)c3ccc(OC)c(OC)c3)c1)C2",0.045
"CHEMBL4174412","COc1cccc(Nc2nc(-c3cccnc3)nc3ccc([N+](=O)[O-])cc23)c1",0.047
"CHEMBL4160529","COc1cc(Nc2nc(-c3ccc(OC)c(OC)c3)nc3ccccc23)ccc1Br",0.0475
"CHEMBL4174458","N#Cc1ccc(Nc2nc(-c3ccccc3)nc3ccc([N+](=O)[O-])cc23)cc1",0.0481
"CHEMBL4163784","N#Cc1cccc(Nc2nc(-c3ccccc3)nc3ccc([N+](=O)[O-])cc23)c1",0.0482
"CHEMBL4164189","O=[N+]([O-])c1ccc2nc(-c3ccccc3)nc(Nc3cccc(C(F)(F)F)c3)c2c1",0.0491
"CHEMBL4172063","O=[N+]([O-])c1ccc2nc(-c3ccccc3)nc(Nc3cccc(F)c3)c2c1",0.0515
"CHEMBL4165918","COc1ccc(Nc2nc(-c3cccc([N+](=O)[O-])c3)nc3ccccc23)cc1OC",0.055
"CHEMBL4164845","COc1ccc(-c2nc(Nc3cccc(C(F)(F)F)c3)c3cc([N+](=O)[O-])ccc3n2)cc1OC",0.0572
"CHEMBL4174809","COc1ccc(Nc2nc(-c3cccnc3)nc3ccc([N+](=O)[O-])cc23)cc1",0.0577
"CHEMBL502503","COC(=O)c1ccc(C(=O)Nc2ccc(CCN3CCc4cc(OC)c(OC)cc4C3)cc2)cc1NC(=O)c1ccc2ccccc2n1",0.059
"CHEMBL4175885","COc1cccc(Nc2nc(-c3cccc(C(F)(F)F)c3)nc3ccc([N+](=O)[O-])cc23)c1",0.059
"CHEMBL4167604","O=[N+]([O-])c1ccc2nc(-c3cccc(C(F)(F)F)c3)nc(Nc3ccccc3)c2c1",0.0596
"CHEMBL4174654","O=[N+]([O-])c1ccc(Nc2nc(-c3cccc(C(F)(F)F)c3)nc3ccc([N+](=O)[O-])cc23)cc1",0.0614
"CHEMBL4202709","COc1ccc(C(=O)Nc2ccccc2-c2nnn(-c3ccc(OC)nc3)n2)cc1",0.0616
"CHEMBL4159686","N#Cc1cccc(Nc2nc(-c3ccncc3)nc3ccc([N+](=O)[O-])cc23)c1",0.0638
"CHEMBL3884089","O=C(Nc1ccccc1-c1nnn(-c2ccccc2)n1)c1ccccc1",0.064
"CHEMBL4075328","O=[N+]([O-])c1ccc(Nc2nc(-c3cccnc3)nc3ccccc23)cc1",0.0641
"CHEMBL3426401","CCCc1ccc(-n2nnc(-c3ccccc3NC(=O)c3ccc(OC)cc3)n2)cc1",0.0642
"CHEMBL4170623","O=[N+]([O-])c1ccc2nc(-c3ccccc3)nc(Nc3cccc(O)c3)c2c1",0.0653
"CHEMBL4166863","COc1cccc(-c2nc(Nc3ccc([N+](=O)[O-])cc3)c3ccccc3n2)c1",0.0661
"CHEMBL4175064","O=[N+]([O-])c1cccc(Nc2nc(-c3cccc(C(F)(F)F)c3)nc3ccc([N+](=O)[O-])cc23)c1",0.0663
"CHEMBL4088022","N#Cc1ccc(Nc2nc(-c3ccccc3)nc3ccccc23)cc1",0.0714
"CHEMBL3426399","COc1ccc(C(=O)Nc2ccccc2-c2nnn(-c3ccc(C(F)(F)F)cc3)n2)cc1",0.073
"CHEMBL4164155","COc1ccc(Nc2nc(-c3ccncc3)nc3ccc([N+](=O)[O-])cc23)cc1",0.0755
"CHEMBL3092485","COc1ccc(-c2nc(Nc3cccc([N+](=O)[O-])c3)c3ccccc3n2)cc1OC",0.076
"CHEMBL4205898","COc1ccc(-n2nnc(-c3cc(OC)ccc3NC(=O)c3ccc(C(F)(F)F)cc3)n2)cc1",0.0774
"CHEMBL4170981","CC(=O)Nc1cccc(Nc2nc(-c3ccccc3)nc3ccc([N+](=O)[O-])cc23)c1",0.0787
"CHEMBL3426387","COc1cccc(-n2nnc(-c3ccccc3NC(=O)c3ccc([N+](=O)[O-])cc3)n2)c1",0.0789
"CHEMBL3426402","CCCc1ccc(C(=O)Nc2ccccc2-c2nnn(-c3ccc(OC)cc3)n2)cc1",0.0794
"CHEMBL4069582","O=[N+]([O-])c1cc(Nc2nc(-c3ccccc3)nc3ccccc23)ccc1O",0.0811
"CHEMBL4161606","CCN(CC)c1cccc(Nc2nc(-c3cccc([N+](=O)[O-])c3)nc3ccccc23)c1",0.084
"CHEMBL4164537","COc1ccc(Nc2nc(-c3ccc([N+](=O)[O-])cc3)nc3ccccc23)cc1OC",0.0867
"CHEMBL4161193","CSc1ccc(Nc2nc(-c3cccc([N+](=O)[O-])c3)nc3ccccc23)cc1",0.0886
"CHEMBL4210872","COc1ccc(-c2nnc(-c3ccccc3NC(=O)c3ccc(C(F)(F)F)cc3)o2)cc1",0.09
"CHEMBL4168440","CSc1cccc(Nc2nc(-c3cccc([N+](=O)[O-])c3)nc3ccccc23)c1",0.0948
"CHEMBL3883513","CCCc1ccc(C(=O)Nc2ccccc2-c2nnn(-c3ccccc3)n2)cc1",0.0966
"CHEMBL4088963","Cc1cc(Nc2ccc(O)c([N+](=O)[O-])c2)nc(-c2ccccc2)n1",0.0988
"CHEMBL3426384","Cc1ccc(-n2nnc(-c3ccccc3NC(=O)c3ccc([N+](=O)[O-])cc3)n2)cc1",0.1
"CHEMBL4159937","CSc1cccc(Nc2nc(-c3cccc(C(F)(F)F)c3)nc3ccc([N+](=O)[O-])cc23)c1",0.101
"CHEMBL4206410","COc1ccc(-n2nnc(-c3ccccc3NC(=O)c3ccccc3)n2)cn1",0.102
"CHEMBL4098723","O=[N+]([O-])c1cccc(Nc2nc(-c3cccnc3)nc3ccccc23)c1",0.105
"CHEMBL3426395","COc1ccc(-n2nnc(-c3ccccc3NC(=O)c3ccc(C(F)(F)F)cc3)n2)cc1",0.106
"CHEMBL4159327","O=[N+]([O-])c1ccc2nc(-c3ccccc3)nc(Nc3ccccc3)c2c1",0.106
"CHEMBL4163316","COc1cccc(Nc2nc(-c3ccc([N+](=O)[O-])cc3)nc3ccccc23)c1",0.107
"CHEMBL4089579","N#Cc1cccc(Nc2nc(-c3cccnc3)nc3ccccc23)c1",0.108
"CHEMBL4176120","O=[N+]([O-])c1cccc(-c2nc(Nc3ccccc3)c3ccccc3n2)c1",0.108
"CHEMBL2011288","COc1ccc2[nH]cc(CCNC(=O)c3cc(=O)c4c(OCc5ccc(Br)cc5)cccc4o3)c2c1",0.11
"CHEMBL3092490","COc1ccc(-c2nc(Nc3cccc(O)c3)c3ccccc3n2)cc1OC",0.11
"CHEMBL2170116","O=C(Nc1ccccc1-c1nnc(-c2ccccc2)o1)c1ccccc1",0.112
"CHEMBL3885113","CSc1ccc(-n2nnc(-c3ccccc3NC(=O)c3ccccc3[N+](=O)[O-])n2)cc1",0.117
"CHEMBL3426398","COc1ccc(-n2nnc(-c3ccccc3NC(=O)c3ccc(OC)c(OC)c3)n2)cc1",0.117
"CHEMBL4082228","O=[N+]([O-])c1cccc(Nc2nc(-c3ccncc3)nc3ccccc23)c1",0.117
"CHEMBL3426388","COc1ccc(-n2nnc(-c3ccccc3NC(=O)c3ccc([N+](=O)[O-])cc3)n2)cc1",0.118
"CHEMBL453536","COC(=O)c1ccc(C(=O)Nc2ccc(CCN3CCc4cc(OC)c(OC)cc4C3)cc2)cc1NC(=O)c1cnc2ccccc2c1",0.119
"CHEMBL4162699","O=[N+]([O-])c1ccc2nc(-c3ccccc3)nc(Nc3ccc(O)c(O)c3)c2c1",0.119
"CHEMBL4169350","N#Cc1cccc(Nc2nc(-c3cccc([N+](=O)[O-])c3)nc3ccccc23)c1",0.12
"CHEMBL4176534","COc1cccc(Nc2nc(-c3cccc([N+](=O)[O-])c3)nc3ccccc23)c1",0.1202
"CHEMBL4096657","Cc1cc(Nc2cccc(C#N)c2)nc(-c2ccccc2)n1",0.122
"CHEMBL3884853","O=C(Nc1ccccc1-c1nnn(-c2ccccc2)n1)c1cccc([N+](=O)[O-])c1",0.123
"CHEMBL396298","COc1cc2c(cc1OC)CN(CCc1ccc(NC(=O)c3cccc4c(=O)c5cccc(OC)c5[nH]c34)cc1)CC2",0.127
"CHEMBL4172917","CC(=O)Nc1cccc(Nc2nc(-c3cccc([N+](=O)[O-])c3)nc3ccccc23)c1",0.127
"CHEMBL4069428","Cc1cc(Nc2ccc(C#N)cc2)nc(-c2ccccc2)n1",0.128
"CHEMBL3883590","CCCc1ccc(C(=O)Nc2ccccc2-c2nnn(-c3ccc(O)cc3)n2)cc1",0.129
"CHEMBL4205357","COc1ccc(-n2nnc(-c3cc(OC)ccc3NC(=O)c3ccc([N+](=O)[O-])cc3)n2)cc1",0.129
"CHEMBL1779526","COCCOCCOCCOc1cc2c(cc1OC)CCN(CCc1ccc(NC(=O)c3ccc(C(=O)OC)c(NC(=O)c4ccc5ccccc5n4)c3)cc1)C2",0.13
"CHEMBL118812","O=[N+]([O-])c1cccc(Nc2nc(-c3ccccc3)nc3ccccc23)c1",0.13
"CHEMBL4217602","COc1ccc(-n2nnc(-c3ccccc3NC(=O)c3ccc(C(F)(F)F)cc3)n2)cn1",0.13
"CHEMBL3885031","COc1ccc(C(=O)Nc2ccccc2-c2nnn(-c3ccc(C(C)C)cc3)n2)cc1",0.131
"CHEMBL4096318","CCCc1ccc(C(=O)Nc2ccccc2-c2nnn(-c3cccc(OC)c3)n2)cc1",0.131
"CHEMBL3885364","COc1ccc(C(=O)Nc2ccccc2-c2nnn(-c3ccc(SC)cc3)n2)cc1",0.132
"CHEMBL4083108","Cc1cc(Nc2cccc(C#N)c2)nc(-c2ccncc2)n1",0.132
"CHEMBL4059784","N#Cc1cccc(Nc2nc(-c3ccncc3)nc3ccccc23)c1",0.134
"CHEMBL4176228","COc1cccc(-c2nc(Nc3cccc([N+](=O)[O-])c3)c3ccccc3n2)c1",0.1349
"CHEMBL3092488","COc1ccc(-c2nc(Nc3cccc(C#N)c3)c3ccccc3n2)cc1OC",0.136
"CHEMBL3426391","Cc1ccc(-n2nnc(-c3ccccc3NC(=O)c3ccc(C(F)(F)F)cc3)n2)cc1",0.137
"CHEMBL2158558","N#Cc1cccc(Nc2nc(-c3ccccc3)nc3ccccc23)c1",0.14
"CHEMBL4060577","COc1ccc(Nc2nc(-c3ccncc3)nc3ccccc23)cc1C(F)(F)F",0.146
"CHEMBL4072482","c1ccc(Nc2nc(-c3ccccc3)nc3ncccc23)cc1",0.149
"CHEMBL3885022","O=C(Nc1ccccc1-c1nnn(-c2ccccc2)n1)c1ccc([N+](=O)[O-])cc1",0.15
"CHEMBL1360562","Oc1cccc(Nc2nc(-c3ccccc3)nc3ccccc23)c1",0.15
"CHEMBL4070627","COc1cccc(Nc2nc(-c3ccccc3)nc3ncccc23)c1",0.15
"CHEMBL4161427","O=[N+]([O-])c1cccc(-c2nc(Nc3ccc(O)c([N+](=O)[O-])c3)c3ccccc3n2)c1",0.151
"CHEMBL2158554","COc1ccc(Nc2nc(-c3ccccc3)nc3ccccc23)cc1OC",0.152
"CHEMBL4097911","Fc1cccc(Nc2nc(-c3cccnc3)nc3ccccc23)c1",0.156
"CHEMBL2011290","COc1ccc2[nH]cc(CCNC(=O)c3cc(=O)c4c(OCCc5ccccc5)cccc4o3)c2c1",0.16
"CHEMBL4063711","COc1cccc(-c2nc(Nc3ccc(F)c(F)c3)c3cccnc3n2)c1",0.163
"CHEMBL4077318","Fc1cccc(Nc2nc(-c3ccccc3)nc3ncccc23)c1",0.164
"CHEMBL4171726","O=[N+]([O-])c1ccc(-c2nc(Nc3cccc([N+](=O)[O-])c3)c3ccccc3n2)cc1",0.166
"CHEMBL4081708","N#Cc1ccc(Nc2nc(-c3cccnc3)nc3ccccc23)cc1",0.166
"CHEMBL3884824","COc1ccc(-n2nnc(-c3ccccc3NC(=O)c3cccc([N+](=O)[O-])c3)n2)cc1",0.168
"CHEMBL404782","COc1cc(/C=C/C(=O)c2c(O)cc(OC)cc2OC)cc(OC)c1",0.17
"CHEMBL2011282","COc1ccc(CCNC(=O)c2cc(=O)c3c(OCc4ccccc4)cccc3o2)cc1OC",0.17
"CHEMBL455275","COC(=O)c1ccc(C(=O)Nc2ccc(CCN3CCc4cc(OC)c(OC)cc4C3)cc2)cc1NC(=O)c1ccc2ncccc2c1",0.172
"CHEMBL3582155","COc1cc(OC)c2c(c1)O[C@H](c1cc(OC)c(OC)c(OC)c1)[C@H](OC(=O)c1ccc(F)c(NC(=O)c3ccc(OC)c(OC)c3)c1)C2",0.176
"CHEMBL837","CCc1c2c(nc3ccc(O)cc13)-c1cc3c(c(=O)n1C2)COC(=O)[C@]3(O)CC",0.176
"CHEMBL4207943","O=C(Nc1ccccc1-c1nnn(-c2ccccc2)n1)c1cnc2ccccc2c1",0.176
"CHEMBL547193","FC(F)(F)c1cccc(Nc2nc(-c3ccccc3)nc3ncccc23)c1",0.177
"CHEMBL3426400","COc1ccc(C(=O)Nc2ccccc2-c2nnn(-c3ccccc3OC)n2)cc1",0.18
"CHEMBL2011287","COc1ccc2[nH]cc(CCNC(=O)c3cc(=O)c4c(OCc5ccccc5)cccc4o3)c2c1",0.18
"CHEMBL4169523","CN(C)c1cccc(Nc2nc(-c3cccc([N+](=O)[O-])c3)nc3ccccc23)c1",0.18
"CHEMBL506278","COC(=O)c1ccc(C(=O)Nc2ccc(CCN3CCc4cc(OC)c(OC)cc4C3)cc2)cc1NC(=O)c1cnc2ccccc2n1",0.183
"CHEMBL1779524","COCCOCCOCCOc1cc2c(cc1OC)CN(CCc1ccc(NC(=O)c3ccc(C(=O)OC)c(NC(=O)c4ccc5ccccc5n4)c3)cc1)CC2",0.183
"CHEMBL4163405","COc1ccc(-c2nc(Nc3cccc([N+](=O)[O-])c3)c3ccccc3n2)cc1",0.183
"CHEMBL3426382","CCCc1ccc(-n2nnc(-c3ccccc3NC(=O)c3ccc([N+](=O)[O-])cc3)n2)cc1",0.184
"CHEMBL3238330","COc1cccc(OC)c1/C=C/C(=O)c1ccc(C(=O)/C=C/c2c(OC)cccc2OC)cc1",0.19
"CHEMBL3809529","COc1ccc(/C=C/C(=O)c2ccc(Nc3nc(-c4ccc(OC)c(OC)c4)nc4ccccc34)cc2)cc1OC",0.19
"CHEMBL4204010","O=C(Nc1ccccc1-c1nnn(-c2ccccc2)n1)c1ccc2c(c1)OCCO2",0.19
"CHEMBL3885456","COc1ccc(C(=O)Nc2ccccc2-c2nnn(-c3ccc(OC)cc3)n2)cc1",0.199
"CHEMBL2011289","COc1ccc2[nH]cc(CCNC(=O)c3cc(=O)c4c(OCc5ccc(C)cc5)cccc4o3)c2c1",0.2
"CHEMBL3883987","COc1ccc(C(=O)Nc2ccccc2-c2nnn(-c3ccccc3)n2)cc1",0.2
"CHEMBL91867","CC#CC(=O)Nc1ccc2ncnc(Nc3cccc(Br)c3)c2c1",0.2
"CHEMBL3426397","CCOc1ccc(-n2nnc(-c3ccccc3NC(=O)c3ccc(OC)c(OC)c3)n2)cc1",0.201
"CHEMBL4062196","CSc1cccc(Nc2nc(-c3ccccc3)nc3ncccc23)c1",0.206
"CHEMBL3582156","COc1cc(OC)c2c(c1)O[C@H](c1cc(OC)c(OC)c(OC)c1)[C@H](OC(=O)c1ccc(F)c(NC(=O)c3cc(OC)c(OC)c(OC)c3)c1)C2",0.207
"CHEMBL4176826","CCOc1ccc(Nc2nc(-c3cccc([N+](=O)[O-])c3)nc3ccccc23)cc1OCC",0.21
"CHEMBL3353416","COc1ccccc1CCn1c2c(c3c1-c1ccccc1C3=O)C(=O)CCC2",0.21
"CHEMBL3809810","COc1ccc(/C=C/C(=O)c2cccc(Nc3nc(-c4ccc(OC)c(OC)c4)nc4ccccc34)c2)cc1",0.21
"CHEMBL1410991","Oc1ccc(Nc2nc(-c3ccccc3)nc3ccccc23)cc1",0.211
"CHEMBL3885018","COc1ccc(-n2nnc(-c3ccccc3NC(=O)c3ccccc3)n2)cc1OC",0.212
"CHEMBL4065492","FC(F)(F)c1cccc(Nc2nc(-c3ccncc3)nc3ccccc23)c1",0.216
"CHEMBL3885165","COc1ccc(C(=O)Nc2ccccc2-c2nnn(-c3ccc(Cl)cc3)n2)cc1",0.223
"CHEMBL4172857","CC(=O)Nc1cccc(Nc2nc(-c3cccc(C#N)c3)nc3ccccc23)c1",0.225
"CHEMBL4203060","COc1ccc(-n2nnc(-c3ccccc3NC(=O)c3cnc4ccccc4c3)n2)cc1",0.228
"CHEMBL3353414","CC1CC(=O)c2c3c(n(CCc4ccccc4)c2C1)-c1ccccc1C3=O",0.23
"CHEMBL3746458","CC(C)C[C@H]1c2[nH]c3ccccc3c2C[C@H]2C(=O)N[C@@H](CCC(=O)OC(C)(C)C)C(=O)N21",0.23
"CHEMBL3747767","CC(C)C[C@H]1c2[nH]c3ccccc3c2C[C@H]2C(=O)N[C@@H](CCC(=O)O)C(=O)N21",0.23
"CHEMBL3747380","CC(C)C[C@H]1c2[nH]c3ccccc3c2C[C@H]2C(=O)N[C@@H](CCC(=O)NC(C)(C)C)C(=O)N21",0.23
"CHEMBL4172744","O=[N+]([O-])c1cccc(Nc2nc(-c3cccc([N+](=O)[O-])c3)nc3ccccc23)c1",0.236
"CHEMBL2331720","COCCOCCOCCOc1cc2c(cc1OC)CN(Cc1ccc(-c3ccc(C(=O)OC)c(NC(=O)c4ccc5ncccc5c4)c3)cc1)CC2",0.237
"CHEMBL4077346","COc1ccc(Nc2nc(-c3ccccc3)nc3ncccc23)cc1",0.238
"CHEMBL3092487","COc1ccc(-c2nc(Nc3cccc(C(F)(F)F)c3)c3ccccc3n2)cc1OC",0.24
"CHEMBL4083491","O=[N+]([O-])c1cc(Nc2nc(-c3cccnc3)nc3ccccc23)ccc1O",0.245
"CHEMBL2158542","FC(F)(F)c1cccc(Nc2nc(-c3ccccc3)nc3ccccc23)c1",0.25
"CHEMBL3110299","O=C(NCc1cn(CCc2c[nH]c3ccccc23)nn1)c1cc(=O)c2c(OCc3ccc(Br)cc3)cccc2o1",0.25
"CHEMBL4203580","O=C(Nc1ccccc1-c1nnn(-c2ccccc2)n1)c1ccc2c(c1)OCO2",0.259
"CHEMBL406837","COc1cccc(/C=C/C(=O)c2c(O)cc(OC)cc2OC)c1",0.26
"CHEMBL3092489","COc1ccc(-c2nc(Nc3ccccc3O)c3ccccc3n2)cc1OC",0.26
"CHEMBL3426386","COc1ccccc1-n1nnc(-c2ccccc2NC(=O)c2ccc([N+](=O)[O-])cc2)n1",0.261
"CHEMBL4072305","COc1cccc(-c2nc(Nc3cccc(F)c3)c3cccnc3n2)c1",0.264
"CHEMBL3883387","COc1ccc(-n2nnc(-c3ccccc3NC(=O)c3ccccc3[N+](=O)[O-])n2)cc1",0.266
"CHEMBL4202490","COc1ccc(-n2nnc(-c3ccccc3NC(=O)c3cccc4ccccc34)n2)cc1",0.267
"CHEMBL3426396","COc1ccc(C(=O)Nc2ccccc2-c2nnn(-c3ccc(C(F)(F)F)cc3)n2)cc1OC",0.269
"CHEMBL1834565","COc1cccc(OC)c1/C=C/C(=O)c1cn(C)c2ccccc12",0.27
"CHEMBL3238340","COc1cc(OC)cc(C(=O)/C=C/c2ccc(/C=C/C(=O)c3cc(OC)cc(OC)c3)cc2)c1",0.27
"CHEMBL4215260","O=C(Nc1ccccc1-c1nnn(-c2ccccc2)n1)c1cccs1",0.27
"CHEMBL4077632","COc1cccc(Nc2cc(C)nc(-c3ccncc3)n2)c1",0.271
"CHEMBL3883389","O=C(Nc1ccccc1-c1nnn(-c2ccccc2)n1)c1ccccc1[N+](=O)[O-]",0.28
"CHEMBL4091036","COc1cccc(-n2nnc(-c3ccccc3NC(=O)c3ccc(NC(=O)CBr)cc3)n2)c1",0.283
"CHEMBL4171799","Nc1cccc(Nc2nc(-c3cccc([N+](=O)[O-])c3)nc3ccccc23)c1",0.284
"CHEMBL4214686","O=C(Nc1ccccc1-c1nnn(-c2ccccc2)n1)C1CCCCC1",0.287
"CHEMBL4207415","O=C(Nc1ccccc1-c1nnn(-c2ccccc2)n1)c1ccncc1",0.287
"CHEMBL3110289","COc1ccc2c(CCNC(=O)c3cc(=O)c4c(OCc5ccc(Br)cc5)cccc4o3)c[nH]c2c1",0.29
"CHEMBL3092482","COc1ccc(-c2nc(Nc3cccc(Br)c3)c3ccccc3n2)cc1OC",0.29
"CHEMBL3808612","COc1ccc(/C=C/C(=O)c2ccc(Nc3nc(-c4ccccc4)nc4ccccc34)cc2)cc1OC",0.29
"CHEMBL4160887","COc1cccc(-c2nc(Nc3cc([N+](=O)[O-])cc([N+](=O)[O-])c3)c3ccccc3n2)c1",0.291
"CHEMBL4176113","COc1ccc(Nc2nc(-c3cccc(C#N)c3)nc3ccccc23)cc1O",0.297
"CHEMBL4099533","CC(C)(C)OC(=O)c1cccc(Nc2nc(-c3ccncc3)nc3ccccc23)c1",0.299
"CHEMBL4095392","COc1cccc(-n2nnc(-c3ccccc3NC(=O)c3ccc(N)cc3)n2)c1",0.299
"CHEMBL4172203","COc1ccc(-c2nc(Nc3ccc(O)c([N+](=O)[O-])c3)c3ccccc3n2)cc1OC",0.305
"CHEMBL3883221","CCOc1ccc(-n2nnc(-c3ccccc3NC(=O)c3ccccc3[N+](=O)[O-])n2)cc1",0.308
"CHEMBL3810065","COc1cccc(/C=C/C(=O)c2cccc(Nc3nc(-c4ccc(OC)c(OC)c4)nc4ccccc34)c2)c1",0.31
"CHEMBL3353417","COc1cccc(CCn2c3c(c4c2-c2ccccc2C4=O)C(=O)CCC3)c1",0.31
"CHEMBL446339","COc1ccc(C(=O)Nc2ccc(CCN3CCc4cc(OC)c(OC)cc4C3)cc2)cc1NC(=O)c1cnc2ccccc2c1",0.317
"CHEMBL3883362","COc1ccc(C(=O)Nc2ccccc2-c2nnn(-c3ccc(OC)c(OC)c3)n2)cc1",0.319
"CHEMBL3092500","COc1cc2nc(Nc3cccc([N+](=O)[O-])c3)nc(Nc3cccc([N+](=O)[O-])c3)c2cc1OC",0.32
"CHEMBL3810327","COc1ccc(/C=C/C(=O)c2cccc(Nc3ncnc4cc(OC)c(OC)cc34)c2)cc1",0.32
"CHEMBL410316","COc1ccc2c3c([nH]c2c1)[C@H](C=C(C)C)N1C(=O)[C@@H]2CCCN2C(=O)[C@@H]1C3",0.321
"CHEMBL4078022","CCCc1ccc(NC(=O)c2ccccc2NC(=O)Nc2ccc([N+](=O)[O-])cc2)cc1",0.325
"CHEMBL4098858","COc1cccc(-n2nnc(-c3ccccc3NC(=O)Nc3ccc(NC(C)=O)cc3)n2)c1",0.325
"CHEMBL3884587","COc1ccc(-n2nnc(-c3ccccc3NC(=O)c3ccc(C(F)(F)F)cc3)n2)cc1OC",0.33
"CHEMBL4061497","COc1ccc(-n2nnc(-c3ccccc3NC(=O)Nc3ccc([N+](=O)[O-])cc3)n2)cc1",0.331
"CHEMBL4171705","N#Cc1cccc(Nc2nc(-c3ccc([N+](=O)[O-])cc3)nc3ccccc23)c1",0.336
"CHEMBL4081623","COc1ccc(Nc2nc(-c3ccccc3)nc3ncccc23)cc1OC",0.343
"CHEMBL4096070","CCCc1ccc(NC(=O)c2ccccc2NC(=O)Nc2cccc([N+](=O)[O-])c2)cc1",0.348
"CHEMBL4094899","COc1cccc(-c2nc(Nc3cccc(C#N)c3)c3cccnc3n2)c1",0.348
"CHEMBL397235","COc1ccc(CCNC(=O)c2cccc3c(=O)c4ccccc4[nH]c23)cc1",0.35
"CHEMBL1834568","COc1cc(OC)c(/C=C/C(=O)c2cn(C)c3ccc(OC)cc23)c(OC)c1",0.35
"CHEMBL260654","COc1cc(O)c(C(=O)/C=C/c2c(OC)cccc2OC)c(OC)c1",0.35
"CHEMBL4215789","COc1ccc(-n2nnc(-c3ccccc3NC(=O)c3cccs3)n2)cc1",0.351
"CHEMBL4076705","COc1ccc(NC(=O)Nc2ccccc2-c2nnn(-c3ccc(OC)cc3)n2)cc1",0.355
"CHEMBL3582149","COc1cc(OC)c2c(c1)O[C@H](c1cc(OC)c(OC)c(OC)c1)[C@H](OC(=O)/C=C/c1cc(OC)c(OC)c(OC)c1)C2",0.357
"CHEMBL4175165","COc1cccc(-c2nc(Nc3cccc(C#N)c3)c3ccccc3n2)c1",0.359
"CHEMBL3809957","COc1cccc(/C=C/C(=O)c2ccc(Nc3nc(-c4ccc(OC)c(OC)c4)nc4ccccc34)cc2)c1",0.36
"CHEMBL1507325","COC(=O)c1cccc(Nc2nc(-c3cccnc3)nc3ccccc23)c1",0.362
"CHEMBL4085567","Fc1cccc(Nc2nc(-c3ccccc3)nc3ccccc23)c1",0.363
"CHEMBL4171781","COc1cccc(Nc2nc(-c3ccc(OC)c(OC)c3)nc3ccccc23)c1",0.365
"CHEMBL4169043","COc1cccc(Nc2nc(-c3cccnc3)nc3ccc(N)cc23)c1",0.369
"CHEMBL4071711","O=[N+]([O-])c1cccc(Nc2nc(-c3ccccn3)nc3ccccc23)c1",0.376
"CHEMBL4080817","COc1cccc(-n2nnc(-c3ccccc3NC(=O)Nc3ccc(N)cc3)n2)c1",0.379
"CHEMBL1779525","COCCOCCOCCOc1cc2c(cc1OC)CN(CCc1ccc(NC(=O)c3ccc(C(=O)OC)c(NC(=O)c4ccc5ncccc5c4)c3)cc1)CC2",0.39
"CHEMBL77966","COc1cc(O)c2c(=O)c(OC)c(-c3ccc(OC)c(OC)c3)oc2c1",0.39
"CHEMBL3809541","COc1cccc(/C=C/C(=O)c2ccc(Nc3ncnc4cc(OC)c(OC)cc34)cc2)c1",0.39
"CHEMBL939","COc1cc2ncnc(Nc3ccc(F)c(Cl)c3)c2cc1OCCCN1CCOCC1",0.4
"CHEMBL4069654","N#Cc1cccc(Nc2nc(-c3ccccc3)nc3ncccc23)c1",0.4
"CHEMBL4083323","COc1cccc(-n2nnc(-c3ccccc3NC(=O)Nc3ccc([N+](=O)[O-])cc3)n2)c1",0.403
"CHEMBL1445052","COC(=O)c1cccc(Nc2nc(-c3ccncc3)nc3ccccc23)c1",0.405
"CHEMBL4159635","COc1ccc(-c2nc(Nc3ccc(OC)c(OC)c3)c3ccccc3n2)cc1",0.418
"CHEMBL3092483","COc1ccc(Nc2nc(-c3ccc(OC)c(OC)c3)nc3ccccc23)cc1OC",0.42
"CHEMBL4091528","COc1cccc(-c2nc(Nc3ccc(F)cc3)c3cccnc3n2)c1",0.425
"CHEMBL2420091","COc1ccc(-c2oc3c(ccc4ccccc43)c(=O)c2OC)cc1OC",0.426
"CHEMBL1957192","O=C1CCCc2c1c1c(n2CCc2ccccc2)-c2ccccc2C1=O",0.43
"CHEMBL3110297","O=C(NCc1cn(Cc2ccccc2)nn1)c1cc(=O)c2c(OCc3ccc(Br)cc3)cccc2o1",0.43
"CHEMBL4214177","O=C(Nc1ccccc1-c1nnn(-c2ccccc2)n1)c1cccc2ccccc12",0.43
"CHEMBL4215827","COc1ccc(C(=O)Nc2ccccc2-c2nnc(-c3ccc(OC)cc3)o2)cc1",0.438
"CHEMBL4212309","O=C(Nc1ccccc1-c1nnn(-c2ccccc2)n1)c1cccnc1",0.445
"CHEMBL243167","COc1ccc(CCNC(=O)c2cccc3c(=O)c4ccccc4[nH]c23)cc1OC",0.45
"CHEMBL1834566","COc1cc(OC)c(/C=C/C(=O)c2cn(C)c3ccccc23)c(OC)c1",0.45
"CHEMBL3426393","COc1ccccc1-n1nnc(-c2ccccc2NC(=O)c2ccc(C(F)(F)F)cc2)n1",0.451
"CHEMBL4064511","O=C(Nc1ccc([N+](=O)[O-])cc1)Nc1ccccc1C(=O)Nc1ccc(C(F)(F)F)cc1",0.452
"CHEMBL4060543","Clc1cccc(Nc2nc(-c3ccccc3)nc3ncccc23)c1",0.454
"CHEMBL2420084","COc1cc(-c2cc(=O)c3ccc4ccccc4c3o2)ccc1F",0.457
"CHEMBL2420094","COc1ccc(-c2cc(=O)c3c(ccc4ccccc43)o2)cc1OC",0.458
"CHEMBL3810368","COc1ccc(/C=C/C(=O)c2cccc(Nc3nc(-c4ccccc4)nc4ccccc34)c2)cc1OC",0.46
"CHEMBL74898","COc1cc(O)c2c(=O)c(OC)c(-c3ccc(OC)c(O)c3)oc2c1",0.46
"CHEMBL4168425","COc1ccc(-c2nc(Nc3cccc(F)c3)c3ccccc3n2)cc1OC",0.462
"CHEMBL2011286","COc1ccc(CCNC(=O)c2cc(=O)c3c(OCCc4ccc(OC)c(OC)c4)cccc3o2)cc1OC",0.47
"CHEMBL3092499","COc1cc2nc(Nc3cccc(C#N)c3)nc(Nc3cccc(C#N)c3)c2cc1OC",0.47
"CHEMBL3092491","COc1ccc(-c2nc(Nc3ccc(O)cc3)c3ccccc3n2)cc1OC",0.47
"CHEMBL4092046","COc1cccc(-n2nnc(-c3ccccc3NC(=O)Nc3ccc(NC(=O)CBr)cc3)n2)c1",0.472
"CHEMBL4171304","COc1cccc(-c2nc(Nc3ccc(OC)c(OC)c3)c3ccccc3n2)c1",0.4786
"CHEMBL4071857","FC(F)(F)c1ccc(Nc2nc(-c3ccncc3)nc3ccccc23)cc1",0.488
"CHEMBL3353415","O=C1CC(c2ccccc2)Cc2c1c1c(n2CCc2ccccc2)-c2ccccc2C1=O",0.49
"CHEMBL594336","COc1cc2c(cc1OC)CN(CCc1ccc(NC(=O)c3ccccc3NC(=O)Nc3ccc([N+](=O)[O-])cc3)cc1)CC2",0.5
"CHEMBL272036","COc1cccc(CCc2ccccc2NCc2ccc(OC)c(OC)c2)c1",0.5
"CHEMBL411","CC/C(=C(/CC)c1ccc(O)cc1)c1ccc(O)cc1",0.5
"CHEMBL941","Cc1ccc(NC(=O)c2ccc(CN3CCN(C)CC3)cc2)cc1Nc1nccc(-c2cccnc2)n1",0.5
"CHEMBL4209672","COc1ccc(/C=C/C(=O)c2ccccc2NC(=O)c2cccs2)cc1OC",0.501
"CHEMBL4068441","N#Cc1cccc(Nc2nc(-c3ccccn3)nc3ccccc23)c1",0.507
"CHEMBL1777831","COCCOCCOCCOc1cc2c(cc1OC)CCN(CCc1ccc(NC(=O)c3ccc(C(=O)OC)c(NC(=O)c4ccc5ncccc5c4)c3)cc1)C2",0.508
"CHEMBL3885212","COc1ccc(C(=O)Nc2ccccc2-c2nnn(-c3ccccc3)n2)cc1OC",0.511
"CHEMBL4074879","CCCc1ccc(NC(=O)c2ccccc2NC(=O)c2cccc([N+](=O)[O-])c2)cc1",0.512
"CHEMBL4094267","O=[N+]([O-])c1cccc(Nc2nc(-c3ccccc3)nc3ncccc23)c1",0.519
"CHEMBL348475","COc1cc2c(cc1OC)CN(CCc1ccc(NC(=O)c3cc(OC)c(OC)cc3NC(=O)c3cnc4ccccc4c3)cc1)CC2",0.52
"CHEMBL4075334","O=[N+]([O-])c1cc(Nc2nc(-c3ccccc3)nc3ncccc23)ccc1O",0.528
"CHEMBL243830","COc1cc(O)c(C(=O)/C=C/c2ccc(OC)c(OC)c2)c(OC)c1",0.53
"CHEMBL3110293","COc1ccc2[nH]cc(CCNC(=O)c3cc(=O)c4cc(OCc5ccc(Br)cc5)ccc4o3)c2c1",0.53
"CHEMBL4094904","COc1cccc(-c2nc(Nc3cccc(C(F)(F)F)c3)c3cccnc3n2)c1",0.539
"CHEMBL2331716","COCCOCCOCCOc1cc2c(cc1OCCOCCOCCOC)CN(CCc1ccc(-c3ccc(C(=O)OC)c(NC(=O)c4ccc5ccccc5n4)c3)cc1)CC2",0.544
"CHEMBL4082355","COc1ccc(Nc2nc(-c3ccncc3)nc3ccccc23)cc1OC",0.545
"CHEMBL4076726","COc1cccc(-n2nnc(-c3ccccc3NC(=O)Nc3ccc(N=C=S)cc3)n2)c1",0.55
"CHEMBL457439","COC(=O)c1ccc(C(=O)Nc2ccc(CCN3CCc4cc(OC)c(OC)cc4C3)cc2)cc1NC(=O)c1cnc(C)cn1",0.552
"CHEMBL4090505","COc1cccc(Nc2nc(-c3ccncc3)nc3ccccc23)c1",0.558
"CHEMBL243168","COc1ccc(CCNC(=O)c2cccc3c(=O)c4ccc(OC)cc4[nH]c23)cc1",0.56
"CHEMBL4205396","COc1ccc(-n2nnc(-c3ccccc3NC(=O)C3CCCCC3)n2)cc1",0.565
"CHEMBL2158551","Brc1cccc(Nc2nc(-c3ccccc3)nc3ccccc23)c1",0.57
"CHEMBL4161988","COc1ccc(-c2nc(Nc3cccc(S(=O)(=O)F)c3)c3ccccc3n2)cc1OC",0.57
"CHEMBL4073354","COc1cccc(-c2nc(Nc3ccc(OC)c(OC)c3)c3cccnc3n2)c1",0.572
"CHEMBL2331721","COCCOCCOCCOc1cc2c(cc1OC)CCN(Cc1ccc(-c3ccc(C(=O)OC)c(NC(=O)c4ccc5ccccc5n4)c3)cc1)C2",0.591
"CHEMBL4065537","CCCc1ccc(NC(=O)c2ccccc2NC(=O)c2ccc([N+](=O)[O-])cc2)cc1",0.594
"CHEMBL3746621","COc1ccc2c3c([nH]c2c1)[C@H](CC(C)C)N1C(=O)[C@H](C)NC(=O)[C@@H]1C3",0.6
"CHEMBL3809802","COc1ccc(/C=C/C(=O)c2cccc(Nc3nc(-c4ccc(OC)c(OC)c4)nc4ccccc34)c2)cc1OC",0.6
"CHEMBL3092498","COc1cc2nc(Nc3cccc(C(F)(F)F)c3)nc(Nc3cccc(C(F)(F)F)c3)c2cc1OC",0.61
"CHEMBL3746992","COc1ccc2c3c([nH]c2c1)[C@H](CC(C)C)N1C(=O)[C@H](C)NC(=O)[C@H]1C3",0.61
"CHEMBL4165009","COc1ccc(-c2nc(Nc3cc([N+](=O)[O-])cc([N+](=O)[O-])c3)c3ccccc3n2)cc1OC",0.61
"CHEMBL3353422","CC(C)n1c2c(c3c1-c1ccccc1C3=O)C(=O)C(Cc1ccccc1)(Cc1ccccc1)CC2",0.61
"CHEMBL4067469","COc1cccc(-c2nc(Nc3ccc(C(F)(F)F)cc3)c3cccnc3n2)c1",0.621
"CHEMBL4063699","COc1cccc(-c2nc(Nc3cccc(Cl)c3)c3cccnc3n2)c1",0.628
"CHEMBL595493","COc1cc2c(cc1OC)CN(CCc1ccc(NC(=O)c3ccccc3NC(=O)c3ccc([N+](=O)[O-])cc3)cc1)CC2",0.63
"CHEMBL501349","COC(=O)c1ccc(C(=O)Nc2ccc(CCN3CCc4cc(OC)c(OC)cc4C3)cc2)cc1NC(=O)c1cnccn1",0.632
"CHEMBL3092484","COc1ccc(-c2nc(Nc3ccccc3[N+](=O)[O-])c3ccccc3n2)cc1OC",0.64
"CHEMBL2331726","COC(=O)c1ccc(-c2ccc(CN3CCc4ccccc4C3)cc2)cc1NC(=O)c1ccc2ncccc2c1",0.641
"CHEMBL4159527","COc1ccccc1-c1nc(Nc2cccc([N+](=O)[O-])c2)c2ccccc2n1",0.642
"CHEMBL4176905","COc1ccc(Nc2nc(-c3cccnc3)nc3ccc(N)cc23)cc1",0.646
"CHEMBL4060750","Cc1cc(Nc2ccccc2)nc(-c2ccccc2)n1",0.648
"CHEMBL1999832","COc1cc2nc(Nc3cccc(Br)c3)nc(Nc3cccc(Br)c3)c2cc1OC",0.67
"CHEMBL428402","O=C(Nc1ccccc1C(=O)Nc1ccc(CCN2CCc3ccccc3C2)cc1)c1cnc2ccccc2c1",0.6761
"CHEMBL3883929","CCCc1ccc(C(=O)Nc2ccccc2-c2nnn(-c3ccc(SC)cc3)n2)cc1",0.679
"CHEMBL3809533","COc1cccc(/C=C/C(=O)c2ccc(Nc3ncnc4ccccc34)cc2)c1",0.68
"CHEMBL3808602","COc1cccc(/C=C/C(=O)c2cccc(Nc3nc(-c4ccccc4)nc4ccccc34)c2)c1",0.68
"CHEMBL4102382","COc1cccc(-n2nnc(-c3ccccc3NC(=O)Nc3ccc(N=[N+]=[N-])cc3)n2)c1",0.685
"CHEMBL221371","COc1cc(O)c2c(=O)c3c(oc2c1)C(OC)Oc1c(O)cccc1-3",0.7
"CHEMBL3353418","COc1ccc(CCn2c3c(c4c2-c2ccccc2C4=O)C(=O)CCC3)cc1",0.7
"CHEMBL1935218","COc1ccc(/C=C/C(=O)c2c(O)ccc3ccccc23)cc1OC",0.72
"CHEMBL2420087","COc1ccc(-c2oc3c(ccc4ccccc43)c(=O)c2O)cc1OC",0.724
"CHEMBL4165609","Nc1ccc2nc(-c3cccc(C(F)(F)F)c3)nc(Nc3ccccc3)c2c1",0.726
"CHEMBL4210844","O=C(Nc1ccccc1-c1nnn(-c2ccccc2)n1)c1ccccn1",0.733
"CHEMBL1499954","COc1ccc(Nc2nc(-c3ccncc3)nc3ccccc23)cc1",0.742
"CHEMBL4075963","COc1cccc(-c2nc(Nc3cccc([N+](=O)[O-])c3)c3cccnc3n2)c1",0.747
"CHEMBL4099768","COc1cccc(-n2nnc(-c3ccccc3NC(=O)Nc3cccc([N+](=O)[O-])c3)n2)c1",0.75
"CHEMBL4100665","COc1ccc(Nc2nc(-c3cccnc3)nc3ccccc23)cc1OC",0.753
"CHEMBL2331715","COCCOCCOCCOc1cc2c(cc1OC)CCN(CCc1ccc(-c3ccc(C(=O)OC)c(NC(=O)c4ccc5ccccc5n4)c3)cc1)C2",0.76
"CHEMBL4211389","COc1ccc(-c2cn(-c3ccccc3NC(=O)c3ccc(C(F)(F)F)cc3)nn2)cc1",0.766
"CHEMBL242513","COc1cc(C(F)(F)F)cc2[nH]c3ccccc3c(=O)c12",0.77
"CHEMBL1957193","O=C1CCCc2c1c1c(n2CCCc2ccccc2)-c2ccccc2C1=O",0.79
"CHEMBL3884305","CCOc1ccc(-n2nnc(-c3ccccc3NC(=O)c3ccc(OC)cc3)n2)cc1",0.793
"CHEMBL4163917","COc1ccc(-c2nc(Nc3ccc(OC)c(C(F)(F)F)c3)c3ccccc3n2)cc1OC",0.795
"CHEMBL4173540","Nc1ccc2nc(-c3cccc(C(F)(F)F)c3)nc(Nc3cccc(O)c3)c2c1",0.799
"CHEMBL4166534","COc1cc(Nc2nc(-c3cccc([N+](=O)[O-])c3)nc3ccccc23)ccc1Br",0.801
"CHEMBL3092496","COc1cc2ncnc(Nc3cccc([N+](=O)[O-])c3)c2cc1OC",0.81
"CHEMBL4069067","OCc1cccc(Nc2nc(-c3cccnc3)nc3ccccc23)c1",0.81
"CHEMBL4161421","COc1cccc(Nc2nc(-c3cccc(OC)c3)nc3ccccc23)c1",0.811
"CHEMBL3110301","COc1ccc2[nH]cc(CCN(C)Cc3cc(=O)c4c(OCc5ccc(Br)cc5)cccc4o3)c2c1",0.82
"CHEMBL19032","COc1cc(OC)c2c(=O)c(OC)c(-c3ccc(OC)c(OC)c3)oc2c1",0.822
"CHEMBL4167361","COc1cccc(Nc2nc(-c3cccc(C(F)(F)F)c3)nc3ccc(N)cc23)c1",0.835
"CHEMBL2331722","COCCOCCOCCOc1cc2c(cc1OCCOCCOCCOC)CN(Cc1ccc(-c3ccc(C(=O)OC)c(NC(=O)c4ccc5ccccc5n4)c3)cc1)CC2",0.839
"CHEMBL3809167","COc1ccc(/C=C/C(=O)c2ccc(Nc3ncnc4ccccc34)cc2)cc1OC",0.84
"CHEMBL573524","COc1ccc(/C=C/C(=O)c2ccc(O)cc2O)cc1OC",0.85
"CHEMBL506742","COc1cc2c(cc1OC)CN(CCc1ccc(NC(=O)c3cc(NC(=O)c4cnc5ccccc5c4)c(OC)c(OC)c3)cc1)CC2",0.858
"CHEMBL247473","COc1ccc(C(=O)Nc2ccccc2C(=O)Nc2ccc(CCN3CCc4cc(OC)c(OC)cc4C3)cc2)cc1OC",0.86
"CHEMBL4104064","COc1cccc(-n2nnc(-c3ccccc3NC(=O)c3cccc([N+](=O)[O-])c3)n2)c1",0.866
"CHEMBL4062126","COc1ccc(Nc2cc(C)nc(-c3ccncc3)n2)cc1",0.874
"CHEMBL4073213","COc1cccc(-c2nc(Nc3ccc(C#N)cc3)c3cccnc3n2)c1",0.876
"CHEMBL3809206","COc1cccc(/C=C/C(=O)c2ccc(Nc3nc(-c4ccccc4)nc4ccccc34)cc2)c1",0.88
"CHEMBL4213215","COc1cc2c(cc1OC)CN(CCOc1ccc(/C=C/C(=O)c3ccc(C)c(NC(=O)c4ccc5ccccc5n4)c3)cc1)CC2",0.88
"CHEMBL1194993","c1ccc(Nc2nc(-c3ccccc3)nc3ccccc23)cc1",0.882
"CHEMBL4072882","COc1cccc(-n2nnc(-c3ccccc3NC(=O)Nc3ccccc3[N+](=O)[O-])n2)c1",0.882
"CHEMBL3810064","COc1ccc(/C=C/C(=O)c2cccc(Nc3ncnc4ccccc34)c2)cc1",0.89
"CHEMBL3092493","O=[N+]([O-])c1cccc(Nc2ncnc3ccccc23)c1",0.89
"CHEMBL4166495","O=C(O)c1cccc(Nc2nc(-c3ccccc3)nc3ccc([N+](=O)[O-])cc23)c1",0.904
"CHEMBL4094008","COc1cccc(-c2nc(Nc3cccc(SC)c3)c3cccnc3n2)c1",0.91
"CHEMBL3808799","O=C(/C=C/c1ccccc1)c1ccc(Nc2nc(-c3ccccc3)nc3ccccc23)cc1",0.92
"CHEMBL4084028","OCc1cccc(Nc2nc(-c3ccncc3)nc3ccccc23)c1",0.921
"CHEMBL3110298","O=C(NCc1cn(Cc2ccc(Br)cc2)nn1)c1cc(=O)c2c(OCc3ccc(Br)cc3)cccc2o1",0.93
"CHEMBL2333998","COc1cc2ncnc(Nc3cccc(C#N)c3)c2cc1OC",0.93
"CHEMBL92824","FC(F)(F)c1cccc(Nc2ncnc3ccccc23)c1",0.94
"CHEMBL1946989","COc1cc(OC)c(C(=O)/C=C/c2ccc3c(c2)OCO3)cc1OC",0.94
"CHEMBL2331717","COC(=O)c1ccc(-c2ccc(CN3CCc4cc(OC)c(OC)cc4C3)cc2)cc1NC(=O)c1ccc2ccccc2n1",0.943
"CHEMBL4087699","COc1cccc(-n2nnc(-c3ccccc3NC(=O)c3ccc(N=C=S)cc3)n2)c1",0.952
"CHEMBL4102415","CCCc1ccc(NC(=O)c2ccccc2NC(=O)Nc2ccc(Br)cc2)cc1",0.952
"CHEMBL1957202","O=C1CC(c2ccccc2)Cc2c1c1c(n2Cc2ccccc2)-c2ccccc2C1=O",0.96
"CHEMBL4083745","COc1cccc(-c2nc(Nc3cccc(O)c3)c3cccnc3n2)c1",0.963
"CHEMBL2158556","O=[N+]([O-])c1ccc(Nc2nc(-c3ccccc3)nc3ccccc23)cc1",0.97
"CHEMBL3808429","COc1ccc(/C=C/C(=O)c2cccc(Nc3nc(-c4ccccc4)nc4ccccc34)c2)cc1",0.97
"CHEMBL453516","COc1cc(NC(=O)c2cnc3ccccc3c2)cc(C(=O)Nc2ccc(CCN3CCc4cc(OC)c(OC)cc4C3)cc2)c1",0.977
"CHEMBL4092211","CCCc1ccc(NC(=O)c2ccccc2NC(=O)Nc2ccc(OC)cc2)cc1",0.985
"CHEMBL77198","COc1ccc2c(=O)c(O)c(-c3ccc(OC)c(OC)c3)oc2c1",1.01
"CHEMBL456361","COC(=O)c1ccc(C(=O)Nc2ccc(CCN3CCc4cc(OC)c(OC)cc4C3)cc2)cc1NC(=O)c1cccnc1",1.015
"CHEMBL4071162","COc1cccc(Nc2nc(-c3cccnc3)nc3ccccc23)c1",1.02
"CHEMBL1935205","COc1ccc(C(=O)/C=C/c2ccc(OC)c(OC)c2)c(OC)c1",1.03
"CHEMBL2331719","COCCOCCOCCOc1cc2c(cc1OC)CN(Cc1ccc(-c3ccc(C(=O)OC)c(NC(=O)c4ccc5ccccc5n4)c3)cc1)CC2",1.031
"CHEMBL4171155","COc1cccc(Nc2nc(-c3cccnc3)nc3ccc(NC(=O)c4cccnc4)cc23)c1",1.04
"CHEMBL262597","COc1ccc(C(=O)/C=C/c2ccc(OC)c(OC)c2)c(O)c1",1.06
"CHEMBL4082677","COc1ccc(Nc2nc(-c3ccccn3)nc3ccccc23)cc1OC",1.06
"CHEMBL2420090","COc1ccc(-c2oc3c(ccc4ccccc43)c(=O)c2OC)cc1",1.06
"CHEMBL4209777","O=C(Nc1ccccc1-c1nnn(-c2ccccc2)n1)C12CC3CC(CC(C3)C1)C2",1.06
"CHEMBL4071881","Oc1cccc(Nc2nc(-c3ccncc3)nc3ccccc23)c1",1.07
"CHEMBL290096","Brc1cccc(Nc2ncnc3ccccc23)c1",1.08
"CHEMBL3810089","COc1ccc(-c2nc(Nc3ccc(C(=O)/C=C/c4ccccc4)cc3)c3ccccc3n2)cc1OC",1.09
"CHEMBL2331723","COC(=O)c1ccc(-c2ccc(CCN3CCc4ccccc4C3)cc2)cc1NC(=O)c1ccc2ccccc2n1",1.1
"CHEMBL3110290","Cn1cc(CCNC(=O)c2cc(=O)c3c(OCc4ccc(Br)cc4)cccc3o2)c2ccccc21",1.1
"CHEMBL4069054","COc1cccc(-n2nnc(-c3ccccc3NC(=O)c3ccccc3[N+](=O)[O-])n2)c1",1.1
"CHEMBL4084461","CCCc1ccc(NC(=O)c2ccccc2NC(=O)Nc2ccccc2[N+](=O)[O-])cc1",1.12
"CHEMBL138662","COc1ccc(C(=O)/C=C/c2ccc(Cl)cc2)c(OC)c1",1.13
"CHEMBL2420083","COc1ccc(-c2cc(=O)c3ccc4ccccc4c3o2)cc1OC",1.13
"CHEMBL4206629","COCCOCCOCCOc1cc2c(cc1OC)CCN(CC(=O)c1cccc(NC(=O)c3ccc4ccccc4n3)c1)C2",1.13
"CHEMBL4172412","COc1cccc(Nc2nc(-c3cccnc3)nc3ccc(NC(=O)c4cccc([N+](=O)[O-])c4)cc23)c1",1.15
"CHEMBL36619","COc1ccc(/C=C/C(=O)c2ccc(OC)c(OC)c2)cc1",1.16
"CHEMBL2420103","COc1ccc(-c2oc3ccccc3c(=O)c2OC)cc1OC",1.18
"CHEMBL575808","COc1ccc2c(=O)c(OC)c(-c3ccc(OC)c(OC)c3)oc2c1",1.18
"CHEMBL3092492","N#Cc1cccc(Nc2ncnc3ccccc23)c1",1.18
"CHEMBL4066611","N#Cc1ccc(Nc2nc(-c3ccccc3)nc3ncccc23)cc1",1.185
"CHEMBL4164535","COc1cccc(-c2nc(Nc3ccc(F)c([N+](=O)[O-])c3)c3ccccc3n2)c1",1.19
"CHEMBL4096743","CN(C)c1cccc(Nc2nc(-c3cccnc3)nc3ccccc23)c1",1.2
"CHEMBL165509","COc1cc2oc(-c3ccc(O)cc3)c(OC)c(=O)c2c(O)c1OC",1.2
"CHEMBL4077603","COc1cccc(-n2nnc(-c3ccccc3NC(=O)c3ccc(NC(C)=O)cc3)n2)c1",1.202
"CHEMBL144625","COc1c(-c2ccccc2)oc2ccccc2c1=O",1.21
"CHEMBL3809015","COc1ccc(/C=C/C(=O)c2ccc(Nc3ncnc4cc(OC)c(OC)cc34)cc2)cc1OC",1.23
"CHEMBL4082782","Fc1cccc(Nc2nc(-c3cccnc3)nc3ncccc23)c1",1.23
"CHEMBL4104361","Oc1cccc(Nc2nc(-c3ccccc3)nc3ncccc23)c1",1.23
"CHEMBL4064296","COc1cccc(-c2nc(Nc3ccc(O)c([N+](=O)[O-])c3)c3cccnc3n2)c1",1.26
"CHEMBL4066351","COc1cccc(-n2nnc(-c3ccccc3NC(=O)c3ccc(N=[N+]=[N-])cc3)n2)c1",1.267
"CHEMBL2420082","COc1ccc(-c2cc(=O)c3ccc4ccccc4c3o2)cc1",1.28
"CHEMBL4101737","COc1cccc(-c2nc(Nc3ccc(O)cc3)c3cccnc3n2)c1",1.3
"CHEMBL3809417","COc1ccc(/C=C/C(=O)c2cccc(Nc3ncnc4ccccc34)c2)cc1OC",1.3
"CHEMBL283196","O=c1cc(-c2ccccc2)oc2c1ccc1ccccc12",1.31
"CHEMBL1190912","COc1cccc(Nc2nc(-c3ccccc3)nc3ccccc23)c1",1.32
"CHEMBL243169","COc1ccc2c(=O)c3cccc(C(=O)NCCc4ccc(OC)c(OC)c4)c3[nH]c2c1",1.38
"CHEMBL4075226","O=S(=O)(F)c1cccc(Nc2nc(-c3ccncc3)nc3ccccc23)c1",1.38
"CHEMBL77993","COc1ccc(-c2oc3c(OC)c(OC)c(OC)c(OC)c3c(=O)c2OC)cc1OC",1.4
"CHEMBL2013174","CC[C@@H]1C[C@]1(NC(=O)[C@@H]1C[C@@H](Oc2cc(-c3csc(NC(C)C)n3)nc3c(Cl)c(OCCN4CCOCC4)ccc23)CN1C(=O)[C@@H](NC(=O)O[C@@H]1C[C@@H]2C[C@@H]2C1)C(C)(C)C)C(=O)O",1.4
"CHEMBL4216590","COc1cc(OC)c(C(=O)/C=C/c2ccc3nccnc3c2)cc1OC",1.4
"CHEMBL2331725","COC(=O)c1ccc(-c2ccc(CN3CCc4ccccc4C3)cc2)cc1NC(=O)c1ccc2ccccc2n1",1.461
"CHEMBL260597","COc1cccc(/C=C/C(=O)c2ccc(OC)cc2O)c1",1.47
"CHEMBL272423","COc1cccc(CCc2ccccc2NCc2cccc(OC)c2OC)c1",1.5
"CHEMBL117","O=c1cc(-c2ccccc2)oc2cc(O)cc(O)c12",1.5
"CHEMBL2074917","CC/C(=C(/c1ccc(OCCN(C)C)cc1)c1ccc(OCc2ccc([N+](=O)[O-])cc2)cc1)c1ccccc1",1.5
"CHEMBL3092501","COc1ccc(Nc2nc(Nc3ccc(OC)c(OC)c3)c3cc(OC)c(OC)cc3n2)cc1OC",1.52
"CHEMBL2158543","FC(F)(F)c1ccc(Nc2nc(-c3ccccc3)nc3ccccc23)cc1",1.53
"CHEMBL4091514","COc1cccc(-c2nc(Nc3cccc(Br)c3)c3cccnc3n2)c1",1.53
"CHEMBL2331718","COC(=O)c1ccc(-c2ccc(CN3CCc4cc(OC)c(OC)cc4C3)cc2)cc1NC(=O)c1ccc2ncccc2c1",1.54
"CHEMBL4209477","COCCOc1cc2c(cc1OC)CCN(CCOc1ccc(/C=C/C(=O)c3ccc(C)c(NC(=O)c4ccc5ccccc5n4)c3)cc1)C2",1.55
"CHEMBL2420085","O=c1c(O)c(-c2ccccc2)oc2c1ccc1ccccc12",1.59
"CHEMBL3353420","CC(C)=CCOc1cccc2c1-c1c(c3c(n1C(C)C)CCCC3=O)C2=O",1.6
"CHEMBL4161772","COc1ccc(Nc2nc(-c3cccnc3)nc3ccc(NC(=O)c4cccc([N+](=O)[O-])c4)cc23)cc1",1.62
"CHEMBL4098216","COc1cccc(Nc2nc(-c3ccccn3)nc3ccccc23)c1",1.63
"CHEMBL4161119","COc1cccc(-c2nc(Nc3cccc(F)c3)c3ccccc3n2)c1",1.64
"CHEMBL4081645","CCCc1ccc(NC(=O)c2ccccc2NC(=O)c2ccc(OC)cc2)cc1",1.656
"CHEMBL2158553","Fc1ccc(Nc2nc(-c3ccccc3)nc3ccccc23)cc1Cl",1.66
"CHEMBL2420093","COc1ccc(-c2cc(=O)c3c(ccc4ccccc43)o2)cc1",1.69
"CHEMBL3746761","COc1cc2[nH]c3c(c2cc1OC)C[C@H]1C(=O)N[C@@H](C)C(=O)N1[C@H]3CC(C)C",1.7
"CHEMBL3746825","COc1cc2[nH]c3c(c2cc1OC)C[C@@H]1C(=O)N[C@@H](C)C(=O)N1[C@H]3CC(C)C",1.7
"CHEMBL3809832","COc1ccc(/C=C/C(=O)c2cccc(Nc3ncnc4cc(OC)c(OC)cc34)c2)cc1OC",1.71
"CHEMBL4077458","CCCc1cccc(NC(=O)c2ccccc2NC(=O)c2ccccc2[N+](=O)[O-])c1",1.713
"CHEMBL1935208","COc1ccc(C(=O)/C=C/c2ccc(Cl)cc2)cc1OC",1.73
"CHEMBL29197","COc1cc2ncnc(Nc3cccc(Br)c3)c2cc1OC",1.73
"CHEMBL4167647","O=[N+]([O-])c1cccc(-c2nc(Nc3ccc(I)cc3)c3ccccc3n2)c1",1.77
"CHEMBL3746770","COc1cc2[nH]c3c(c2cc1C)C[C@H]1C(=O)N[C@@H](C)C(=O)N1[C@H]3CC(C)C",1.81
"CHEMBL3745801","COc1cc2[nH]c3c(c2cc1C)C[C@@H]1C(=O)N[C@@H](C)C(=O)N1[C@H]3CC(C)C",1.81
"CHEMBL36584","COc1ccc(/C=C/C(=O)c2ccc(OC)cc2OC)cc1",1.91
"CHEMBL1935219","COc1cccc(/C=C/C(=O)c2c(O)ccc3ccccc23)c1",1.93
"CHEMBL1617104","COc1ccc(Nc2nc(-c3ccccc3)nc3ccccc23)cc1",1.93
"CHEMBL1195084","Clc1cccc(Nc2nc(-c3ccccc3)nc3ccccc23)c1",1.93
"CHEMBL573523","COc1cccc(/C=C/C(=O)c2ccc(O)cc2O)c1",1.94
"CHEMBL1935211","COc1ccc(/C=C/C(=O)c2ccc3ccccc3c2O)cc1OC",1.95
"CHEMBL316064","COc1cc2ncnc(Nc3cccc(C(F)(F)F)c3)c2cc1OC",1.98
"CHEMBL500094","COc1cc2c(cc1OC)CN(CCc1ccc(NC(=O)c3ccc(C)c(NC(=O)c4cnc5ccccc5c4)c3)cc1)CC2",1.99
"CHEMBL3092481","COc1ccc(-c2nc(Nc3ccccc3)c3ccccc3n2)cc1OC",1.99
"CHEMBL4076800","Oc1ccc(Nc2nc(-c3ccccc3)nc3ncccc23)cc1",2.04
"CHEMBL4167968","COc1ccc(-c2nc(Nc3cccc(C#N)c3)c3ccccc3n2)cc1",2.12
"CHEMBL4206326","COCCOc1cc2c(cc1OC)CCN(CCOc1ccc(/C=C/C(=O)c3cccc(NC(=O)c4ccc5ccccc5n4)c3)cc1)C2",2.13
"CHEMBL4160041","COc1ccc(-c2nc(Nc3cccc(OC)c3)c3ccccc3n2)cc1",2.14
"CHEMBL229907","COc1ccc(/C=C/C(=O)c2ccc(OC)cc2O)cc1",2.2
"CHEMBL1338919","COc1ccccc1Nc1nc(-c2ccccc2)nc2ccccc12",2.25
"CHEMBL2420089","COc1c(-c2ccccc2)oc2c(ccc3ccccc32)c1=O",2.31
"CHEMBL4203097","COc1ccc(C(=O)Nc2ccccc2-n2cc(-c3ccc(OC)cc3)nn2)cc1",2.36
"CHEMBL2236206","COc1cc(/C=C/C(=O)c2ccc3ccccc3c2)cc(OC)c1OC",2.4
"CHEMBL2420092","COc1cc(-c2oc3c(ccc4ccccc43)c(=O)c2OC)ccc1F",2.44
"CHEMBL2158557","O=[N+]([O-])c1cc(Nc2nc(-c3ccccc3)nc3ccccc23)ccc1F",2.46
"CHEMBL3092497","COc1cc2ncnc(Nc3ccc([N+](=O)[O-])cc3)c2cc1OC",2.46
"CHEMBL222265","COc1cc2oc3c(c(=O)c2c(O)c1C)-c1cccc(O)c1OC3OC",2.5
"CHEMBL1651956","C/C=C/C[C@@H](C)[C@@H](O)[C@H]1C(=O)N[C@@H](CC)C(=O)N(C)[C@H](C)C(=O)N(CC)[C@@H](C(C)C)C(=O)N[C@@H](C(C)C)C(=O)N(C)[C@@H](CC(C)C)C(=O)N[C@@H](C)C(=O)N[C@H](C)C(=O)N(C)[C@@H](CC(C)C)C(=O)N(C)[C@@H](CC(C)C)C(=O)N(C)[C@@H](C(C)C)C(=O)N1C",2.5
"CHEMBL1935216","O=C(/C=C/c1ccccc1)c1c(O)ccc2ccccc12",2.58
"CHEMBL474972","COc1cc2c(cc1OC)CN(CCc1ccc(NC(=O)Nc3ccc([N+](=O)[O-])cc3)cc1)CC2",2.61
"CHEMBL241781","COc1ccc(C(=O)/C=C/c2ccccc2Cl)c(OC)c1",2.63
"CHEMBL4203520","COCCOCCOCCOc1cc2c(cc1OC)CCN(CCOc1ccc(/C=C/C(=O)c3ccc(C)c(NC(=O)c4ccc5ccccc5n4)c3)cc1)C2",2.72
"CHEMBL4164837","O=[N+]([O-])c1cccc(-c2nc(NC3CCCCC3)c3ccccc3n2)c1",2.78
"CHEMBL76553","COc1cc2oc(-c3ccccc3)cc(=O)c2c(O)c1C",2.8
"CHEMBL252869","COc1cc(O)c(C(=O)/C=C/c2ccccc2Cl)c(OC)c1",2.82
"CHEMBL4202610","COCCOCCOCCOc1cc2c(cc1OC)CCN(CCOc1ccc(/C=C/C(=O)c3cccc(NC(=O)c4ccc5ccccc5n4)c3)cc1)C2",2.83
"CHEMBL1935217","COc1ccc(/C=C/C(=O)c2c(O)ccc3ccccc23)cc1",2.89
"CHEMBL1405","C[C@]12CC[C@@H]3c4ccc(O)cc4CC[C@H]3[C@@H]1CCC2=O",3
"CHEMBL3353419","CC(C)=CCOc1cccc2c1C(=O)c1c3c(n(C(C)C)c1-2)CCCC3=O",3
"CHEMBL243829","COc1ccc(/C=C/C(=O)c2c(O)cc(OC)cc2OC)cc1",3
"CHEMBL2420099","COc1ccc(-c2oc3ccc4ccccc4c3c(=O)c2OC)cc1",3.07
"CHEMBL28","O=c1cc(-c2ccc(O)cc2)oc2cc(O)cc(O)c12",3.1
"CHEMBL376915","CC(C)=CCc1c(O)cc(O)c2c1O[C@H](c1ccc(O)cc1)CC2=O",3.1
"CHEMBL3808585","COc1ccc(/C=C/C(=O)c2ccc(Nc3nc(-c4ccc(OC)c(OC)c4)nc4ccccc34)cc2)cc1",3.13
"CHEMBL1935203","O=C(/C=C/c1ccccc1Cl)c1ccc(O)cc1O",3.21
"CHEMBL2331724","COC(=O)c1ccc(-c2ccc(CCN3CCc4cc(OC)c(OC)cc4C3)cc2)cc1NC(=O)c1ccc2ccccc2n1",3.214
"CHEMBL4217634","COc1ccc(-n2nnc(-c3ccccc3NC(C)=O)n2)cc1",3.23
"CHEMBL2075017","COc1ccc(-c2oc3cc(OC)cc(O)c3c(=O)c2OC)c(OC)c1",3.27
"CHEMBL595816","COc1ccc(/C=C/C(=O)c2ccc(OC)c(OC)c2)cc1OC",3.28
"CHEMBL405022","COc1ccc(C(=O)/C=C/c2ccccc2Cl)c(O)c1",3.32
"CHEMBL3092494","COc1ccc(Nc2ncnc3ccccc23)cc1OC",3.38
"CHEMBL137586","COc1ccc2oc(-c3ccccc3)cc(=O)c2c1",3.4
"CHEMBL3810160","COc1ccc(/C=C/C(=O)c2ccc(Nc3nc(-c4ccccc4)nc4ccccc34)cc2)cc1",3.55
"CHEMBL3884050","O=C(Nc1ccccc1-c1nnn(-c2ccccc2)n1)c1ccc(C(F)(F)F)cc1",3.63
"CHEMBL2158550","Brc1ccccc1Nc1nc(-c2ccccc2)nc2ccccc12",3.75
"CHEMBL100714","COc1ccc(Nc2ncnc3cc(OC)c(OC)cc23)cc1OC",3.79
"CHEMBL3092495","COc1cc2ncnc(Nc3ccccc3[N+](=O)[O-])c2cc1OC",3.8
"CHEMBL258896","COc1cc2c(cc1OC)CN(CCc1ccc(NC(=O)c3ccccc3NC(=O)c3ccc(C)cc3)cc1)CC2",3.8904
"CHEMBL346292","COc1cc2c(cc1OC)CN(CCc1ccc(NC(=O)c3ccccc3NC(=O)c3ccccc3)cc1)CC2",3.9811
"CHEMBL4204938","COc1cc2c(cc1OC)CN(CCOc1ccc(/C=C/C(=O)c3cccc(NC(=O)c4ccc5ccccc5n4)c3)cc1)CC2",4.08
"CHEMBL1689341","CC(C)=CCc1c(O)c(CC=C(C)C)c2c(c1O)C(=O)C[C@@H](c1cc(O)cc(O)c1)O2",4.1
"CHEMBL3353413","CC1CC(=O)c2c3c(n(C(C)C)c2C1)-c1ccccc1C3=O",4.1
"CHEMBL3806168","CN1CCN(c2ncnc3c(C#N)c4n(c23)CCCC4)CC1",4.25
"CHEMBL4060787","Oc1ccc(Nc2nc(-c3ccncc3)nc3ccccc23)cc1",4.26
"CHEMBL2420100","COc1ccc(-c2oc3ccc4ccccc4c3c(=O)c2OC)cc1OC",4.27
"CHEMBL2063071","Cc1cn([C@H]2C[C@H](N=[N+]=[N-])[C@@H](COC(=O)CCCCCCCCCCC(=O)OC[C@H]3O[C@@H](n4cc(C)c(=O)[nH]c4=O)C[C@@H]3N=[N+]=[N-])O2)c(=O)[nH]c1=O",4.3
"CHEMBL555611","COc1cc2c(cc1OC)CN(CCc1ccc(NC(=O)c3ccc([N+](=O)[O-])cc3)cc1)CC2",4.38
"CHEMBL76447","COc1ccc(-c2cc(=O)c3c(OC)c(OC)c(OC)c(OC)c3o2)cc1OC",4.4
"CHEMBL3805970","N#Cc1c(C2CCCCCC2)n(C2CCCCCC2)c2c(N3CCN(Cc4ccccc4)CC3)ncnc12",4.68
"CHEMBL150","O=c1c(O)c(-c2ccc(O)cc2)oc2cc(O)cc(O)c12",4.7
"CHEMBL388886","COc1ccc2[nH]c3ccccc3c(=O)c2c1",4.8
"CHEMBL2420097","COc1ccc(-c2oc3ccc4ccccc4c3c(=O)c2O)cc1OC",4.84
"CHEMBL1685067","COc1cc2c(c(O)c1C)C(=O)CC(c1ccccc1)O2",4.9
"CHEMBL3898212","COc1cc(/C=C/C(=O)c2ccc3ccccc3c2)cc(Br)c1OC",4.9
"CHEMBL389328","COc1ccc(/C=C/C(=O)c2ccccc2O)cc1OC",4.97
"CHEMBL2420086","COc1ccc(-c2oc3c(ccc4ccccc43)c(=O)c2O)cc1",4.97
"CHEMBL411951","O=C(Nc1ccc(CCN2CCc3ccccc3C2)cc1)c1cnc2ccccc2c1",5.0119
"CHEMBL444075","COc1cc2c(cc1OC)CN(CCc1ccc(NC(=O)c3ccccc3NC(=O)c3cnc4ccccc4c3)cc1)CC2",5.0119
"CHEMBL2158544","Brc1cccc(N2CCN(c3nc(-c4ccccc4)nc4ccccc34)CC2)c1",5.12
"CHEMBL1935220","O=C(/C=C/c1ccccc1Cl)c1c(O)ccc2ccccc12",5.21
"CHEMBL4092472","CC(=O)Nc1cccc(Nc2nc(-c3ccccc3)nc3ncccc23)c1",5.27
"CHEMBL4165209","COc1cccc(Nc2nc(-c3cccnc3)nc3ccc(/N=C(\C)OC(C)=O)cc23)c1",5.31
"CHEMBL1935212","COc1cccc(/C=C/C(=O)c2ccc3ccccc3c2O)c1",5.68
"CHEMBL478764","CC(C)=CCC/C(C)=C/Cc1c(O)cc2oc(-c3ccc(O)cc3)c(O)c(=O)c2c1O",5.7
"CHEMBL1685069","COc1cc2oc(-c3ccccc3)cc(=O)c2c(OC)c1C",5.9
"CHEMBL1172279","CCCc1cc(=O)c2c(OC)cc3cc(O)cc(OC)c3c2o1",5.9
"CHEMBL2158545","Clc1cccc(N2CCN(c3nc(-c4ccccc4)nc4ccccc34)CC2)c1",5.91
"CHEMBL3806039","N#Cc1c2n(c3c(N4CCN(c5ccccc5)CC4)ncnc13)CCCC2",5.91
"CHEMBL2158555","O=[N+]([O-])c1ccccc1Nc1nc(-c2ccccc2)nc2ccccc12",5.93
"CHEMBL75169","COc1ccc(-c2oc3cc(OC)cc(OC)c3c(=O)c2OC)c(OC)c1",5.94
"CHEMBL308954","Cc1cc(C#N)cc(C)c1Oc1nc(Nc2ccc(C#N)cc2)nc(N)c1Br",6
"CHEMBL259690","COc1cc2c(cc1OC)CN(CCc1ccc(NC(=O)c3cc4ccccc4cn3)cc1)CC2",6.0256
"CHEMBL258882","COc1cc2c(cc1OC)CN(CCc1ccc(NC(=O)c3cnc4ccccc4n3)cc1)CC2",6.0256
"CHEMBL26260","O=c1cc(-c2ccccc2)oc2ccc3ccccc3c12",6.05
"CHEMBL139679","O=C(/C=C/c1ccc(Cl)cc1)c1ccc(O)cc1O",6.07
"CHEMBL3805730","N#Cc1c2n(c3c(NCCCc4ccccc4)ncnc13)CCCC2",6.07
"CHEMBL2420096","COc1ccc(-c2oc3ccc4ccccc4c3c(=O)c2O)cc1",6.12
"CHEMBL562021","CCN(CC)C(=S)Nc1sc2ccccc2c1C(=O)O",6.16
"CHEMBL243813","COc1cccc2[nH]c3ccccc3c(=O)c12",6.3
"CHEMBL599745","CO/C(=C\c1ccc(OC)cc1)C(=O)N/C=C/c1ccc(O)cc1",6.4
"CHEMBL4099262","COc1cccc(-c2nc(Nc3cccc(NC(C)=O)c3)c3cccnc3n2)c1",6.4
"CHEMBL1689345","C/C(=C/Cc1c(-c2cc(O)c(O)cc2O)oc2c3c(cc(O)c2c1=O)OC(C)(C)C=C3)CO",6.5
"CHEMBL2420102","COc1ccc(-c2oc3ccccc3c(=O)c2OC)cc1",6.5
"CHEMBL1689340","COc1ccc([C@@H]2CC(=O)c3c(O)cc(O)c(CC=C(C)C)c3O2)cc1O",6.6
"CHEMBL261618","O=C(Nc1ccc(CCN2CCc3ccccc3C2)cc1)c1ccc([N+](=O)[O-])cc1",6.6069
"CHEMBL4208261","COCCOCCOCCOc1cc2c(cc1OC)CCN(CC(=O)c1ccc(C)c(NC(=O)c3ccc4ccccc4n3)c1)C2",6.65
"CHEMBL4216382","COc1cc2c(cc1OC)CN(CC(=O)c1cccc(NC(=O)c3ccc4ccccc4n3)c1)CC2",6.73
"CHEMBL475554","O=C(Nc1ccc(CCN2CCc3ccccc3C2)cc1)Nc1ccccc1[N+](=O)[O-]",6.76
"CHEMBL2158552","Brc1ccc(Nc2nc(-c3ccccc3)nc3ccccc23)cc1",6.83
"CHEMBL50","O=c1c(O)c(-c2ccc(O)c(O)c2)oc2cc(O)cc(O)c12",6.9
"CHEMBL44","O=c1c(-c2ccc(O)cc2)coc2cc(O)cc(O)c12",6.9
"CHEMBL456959","CO/C(=C\c1ccc(O)cc1)C(=O)N/C=C/c1cc(Br)c(O)c(Br)c1",6.9
"CHEMBL4210290","CC(=O)Nc1ccccc1-c1nnn(-c2ccccc2)n1",6.91
"CHEMBL595550","COc1ccc(C(=O)Nc2ccccc2NC(=O)Nc2ccc(CCN3CCc4cc(OC)c(OC)cc4C3)cc2)cc1OC",6.98
"CHEMBL3895919","COc1cc(C2CC(c3ccc4ccccc4c3)=NN2C(C)=O)cc(I)c1OC",7.1
"CHEMBL260113","COc1cc2c(cc1OC)CN(CCc1ccc(NC(=O)c3ccc4ccccc4c3)cc1)CC2",7.2444
"CHEMBL1935222","O=C(/C=C/c1ccc(Cl)c(Cl)c1)c1c(O)ccc2ccccc12",7.26
"CHEMBL3984719","COc1cc(C2CC(c3ccc4ccccc4c3)=NN2C(C)=O)cc(Cl)c1OC",7.4
"CHEMBL4213221","COc1ccc(-n2nnc(-c3ccccc3NS(=O)(=O)c3ccc(OC)cc3)n2)cc1",7.67
"CHEMBL3805095","N#Cc1c2n(c3c(Nc4ccccc4)ncnc13)CCCC2",7.68
"CHEMBL1935207","COc1ccc(C(=O)/C=C/c2ccccc2Cl)cc1OC",7.8
"CHEMBL3926291","COc1cc(/C=C/C(=O)c2ccc3ccccc3c2)cc(I)c1OC",7.8
"CHEMBL243814","COc1cc(OC)c2c(=O)c3ccccc3[nH]c2c1",7.9
"CHEMBL2158548","O=[N+]([O-])c1cccc(N2CCN(c3nc(-c4ccccc4)nc4ccccc34)CC2)c1",7.95
"CHEMBL28098","N#Cc1c2n(c3c(N4CCN(CCc5ccccc5)CC4)ncnc13)CCCC2",8.19
"CHEMBL2158546","Fc1ccc(N2CCN(c3nc(-c4ccccc4)nc4ccccc34)CC2)cc1Cl",8.22
"CHEMBL3805746","N#Cc1c2n(c3c(N4CCN(Cc5ccccc5)CC4)ncnc13)CCCC2",8.24
"CHEMBL226507","COc1ccc(-c2cc(=O)c3c(OC)c(OC)c(OC)cc3o2)cc1OC",8.3
"CHEMBL4205927","c1ccc(-c2ccccc2-c2nnn(-c3ccccc3)n2)cc1",8.34
"CHEMBL1689344","COc1cc(O)c(CC=C(C)C)c(-c2oc3cc(O)cc(O)c3c(=O)c2OC)c1",8.4
"CHEMBL3891465","COc1cc(/C=C/C(=O)c2ccc3ccccc3c2)cc(Cl)c1OC",8.7
"CHEMBL3805701","N#Cc1c(C2CCCCCC2)n(C2CCCCCC2)c2c(N3CCN(C(c4ccccc4)c4ccccc4)CC3)ncnc12",8.71
"CHEMBL4215970","COc1cc2c(cc1OC)CN(CC(=O)c1ccc(C)c(NC(=O)c3ccc4ccccc4n3)c1)CC2",8.76
"CHEMBL254613","COc1cc(O)c2c(c1)O[C@H](c1ccccc1)CC2=O",8.9
"CHEMBL2158547","COc1cccc(N2CCN(c3nc(-c4ccccc4)nc4ccccc34)CC2)c1",8.9
"CHEMBL3923932","COc1cc(C2CC(c3ccc4ccccc4c3)=NN2C(C)=O)cc(Br)c1OC",8.9
"CHEMBL151","O=c1cc(-c2ccc(O)c(O)c2)oc2cc(O)cc(O)c12",8.9
"CHEMBL1277172","c1ccc(-c2nc(N3CCN(c4ccccc4)CC3)c3ccccc3n2)cc1",8.92
"CHEMBL2331821","COc1ccc(-c2oc3cc(OC)cc(OC)c3c(=O)c2O)cc1",8.95
"CHEMBL400538","CCCc1cc(=O)c2c(O)cc3cc(O)cc(OC)c3c2o1",9
"CHEMBL475362","COc1cc2c(cc1OC)CN(CCc1ccc(NC(=O)Nc3ccccc3[N+](=O)[O-])cc1)CC2",9.08
"CHEMBL551696","CCN(CC)C(=S)Nc1sc2c(c1C(=O)O)C(C)CCC2",9.1
"CHEMBL275391","COc1cc(OC)c2c(=O)cc(-c3ccccc3)oc2c1",9.2
"CHEMBL1935209","O=C(/C=C/c1ccccc1)c1ccc2ccccc2c1O",9.23
"CHEMBL1685068","COc1cc(OC)c2c(c1C)OC(c1ccccc1)CC2=O",9.3
"CHEMBL2158549","O=[N+]([O-])c1ccc(N2CCN(c3nc(-c4ccccc4)nc4ccccc34)CC2)cc1",9.35
"CHEMBL3770841","O=C(O)c1ccc(Nc2nc(-c3ccncc3)nc3ccccc23)cc1",9.64
"CHEMBL2011285","O=C(c1cc(=O)c2c(OCc3ccccc3)cccc2o1)N1CCN(Cc2ccccc2)CC1",9.8
"CHEMBL1935210","COc1ccc(/C=C/C(=O)c2ccc3ccccc3c2O)cc1",9.83
"CHEMBL3805731","N#Cc1c(C2CCCCCC2)n(C2CCCCCC2)c2c(N3CCN(CCc4ccccc4)CC3)ncnc12",9.94
"CHEMBL1502","COc1ccnc(C[S+]([O-])c2nc3cc(OC(F)F)ccc3[nH]2)c1OC",10
"CHEMBL487805","O=C(O)[C@H]1O[C@@H](Oc2cc3oc(-c4ccc(O)cc4)cc(=O)c3c(O)c2O)[C@H](O)[C@@H](O)[C@@H]1O",10
"CHEMBL554602","CN(C(=S)Nc1sccc1C(=O)O)C1CCCCC1",10.2
"CHEMBL4165025","O=[N+]([O-])c1cccc(-c2nc(Nc3cccc(C(F)(F)F)c3)c3ccccc3n2)c1",10.7
"CHEMBL406861","COc1ccc(C(=O)/C=C/c2ccc(Cl)cc2)c(O)c1",10.72
"CHEMBL1556958","Cc1c(O)cc2c(c1O)C(=O)CC(c1ccccc1)O2",11
"CHEMBL2420095","O=c1c(O)c(-c2ccccc2)oc2ccc3ccccc3c12",11
"CHEMBL1685072","COC1=C(OC)[C@]2(OC)c3c(OC)c(OC)c4c(c3O[C@@]23O[C@@H](c2ccccc2)CC=C3C1=O)[C@@H](O)C[C@H](c1ccccc1)O4",11
"CHEMBL605795","CO/C(=C\c1cc(Br)c(O)c(Br)c1)C(=O)N/C=C/c1ccc(O)cc1",11.1
"CHEMBL2420098","COc1c(-c2ccccc2)oc2ccc3ccccc3c2c1=O",11.1
"CHEMBL3426394","COc1cccc(-n2nnc(-c3ccccc3NC(=O)c3ccc(C(F)(F)F)cc3)n2)c1",11.2
"CHEMBL511679","CO/C(=C\c1ccc(O)cc1)C(=O)N/C=C/c1cc(Br)c(OC)c(Br)c1",11.2
"CHEMBL261857","COc1cc2c(cc1OC)CN(CCc1ccc(NC(=O)c3ccc(Br)cc3)cc1)CC2",11.4815
"CHEMBL1172080","COc1c(O)c2c(=O)cc(C)oc2c2c(OC)cc(O)cc12",11.9
"CHEMBL3763735","COc1cc(O)c2c(=O)cc(C(=O)N3CCN(Cc4ccc([N+](=O)[O-])cc4)CC3)oc2c1",12
"CHEMBL182653","COc1ccc(/C=C/C(=O)c2ccc(O)cc2O)cc1",12.05
"CHEMBL3763441","COc1cc(OC)c2c(=O)cc(N3CCN(c4ccc([N+](=O)[O-])cc4)CC3)oc2c1",12.2
"CHEMBL490697","CC(C)=CCC/C(C)=C/Cc1c(O)cc(O)c2c1O[C@H](c1ccc(O)cc1)CC2=O",12.3
"CHEMBL584","Cc1c(O)cccc1C(=O)N[C@@H](CSc1ccccc1)[C@H](O)CN1C[C@H]2CCCC[C@H]2C[C@H]1C(=O)NC(C)(C)C",12.5
"CHEMBL772","COC(=O)[C@H]1[C@H]2C[C@@H]3c4[nH]c5cc(OC)ccc5c4CCN3C[C@H]2C[C@@H](OC(=O)c2cc(OC)c(OC)c(OC)c2)[C@@H]1OC",12.6
"CHEMBL454794","COc1cc(O)cc2cc(O)c3c(=O)cc(C)oc3c12",12.8
"CHEMBL259976","COc1cc2c(cc1OC)CN(CCc1ccc(NC(=O)c3cccc4ccccc34)cc1)CC2",12.8825
"CHEMBL2063072","Cc1cn([C@H]2C[C@H](N=[N+]=[N-])[C@@H](COC(=O)CCCCCCCCCCCCC(=O)OC[C@H]3O[C@@H](n4cc(C)c(=O)[nH]c4=O)C[C@@H]3N=[N+]=[N-])O2)c(=O)[nH]c1=O",13.3
"CHEMBL3805257","N#Cc1c2n(c3c(N4CCN(C(c5ccccc5)c5ccccc5)CC4)ncnc13)CCCC2",14.3
"CHEMBL4210356","COCCOc1cc2c(cc1OC)CCN(CC(=O)c1cccc(NC(=O)c3ccc4ccccc4n3)c1)C2",14.39
"CHEMBL409234","COc1cc2c(cc1OC)CN(CCc1ccc(NC(=O)c3ccc4ncccc4c3)cc1)CC2",14.4544
"CHEMBL1957203","CC1CC(=O)c2c3c(n(Cc4ccccc4)c2C1)-c1ccccc1C3=O",15
"CHEMBL518645","COc1cc2c(cc1OC)CN(CCc1ccc(NC(=O)C3Oc4ccccc4O3)cc1)CC2",15.1356
"CHEMBL4202725","O=C(Nc1ccccc1-n1cc(-c2ccccc2)nn1)c1ccccc1",15.3
"CHEMBL599744","CO/C(=C\c1ccccc1)C(=O)N/C=C/c1ccc(O)cc1",15.4
"CHEMBL1689342","CC(C)=CCC/C(C)=C/Cc1c(O)cc(O)c2c1O[C@H](c1cc(O)cc(O)c1)CC2=O",15.5
"CHEMBL3805611","N#Cc1c2n(c3c(NCc4ccccc4)ncnc13)CCCC2",15.8
"CHEMBL4218158","COc1ccc(-n2nnc(-c3ccccc3-n3nnc(-c4ccc(C(F)(F)F)cc4)n3)n2)cc1",15.8
"CHEMBL1685073","COC1=C(OC)[C@]2(OC)c3c(OC)c(OC)c4c(c3O[C@@]23O[C@@H](c2ccccc2)CC=C3C1=O)[C@@H](OC)C[C@H](c1ccccc1)O4",16
"CHEMBL4159429","COc1ccc(Nc2nc(-c3cccc([N+](=O)[O-])c3)nc3ccccc23)cc1C(F)(F)F",16.2
"CHEMBL458921","CO/C(=C\c1ccc(O)cc1)C(=O)N/C=C/c1ccc(OC)c(Br)c1",16.4
"CHEMBL1484","COC(=O)C1=C(C)NC(C)=C(C(=O)OCCN(C)Cc2ccccc2)C1c1cccc([N+](=O)[O-])c1",16.5959
"CHEMBL256967","CCCc1cc(=O)c2c(OC)c(OC)c3cc(O)cc(OC)c3c2o1",16.6
"CHEMBL457598","CO/C(=C\c1ccc(O)cc1)C(=O)N/C=C/c1ccc(O)cc1",16.7
"CHEMBL4060914","Oc1cccc(Nc2nc(-c3cccnc3)nc3ncccc23)c1",16.9
"CHEMBL107131","COc1cc(OC)c2c(c1)OC(c1ccccc1)CC2=O",17
"CHEMBL73930","COc1ccc(-c2cc(=O)c3c(OC)c(OC)c(OC)c(OC)c3o2)cc1",17
"CHEMBL275638","O=c1cc(-c2ccccc2)oc2ccccc12",17
"CHEMBL165180","COc1cc(O)c2c(=O)c(OC)c(-c3ccc(O)c(OC)c3)oc2c1",17.2
"CHEMBL259077","Nc1ccccc1C(=O)Nc1ccc(CCN2CCc3ccccc3C2)cc1",17.8
"CHEMBL2420088","COc1cc(-c2oc3c(ccc4ccccc43)c(=O)c2O)ccc1F",17.9
"CHEMBL4215290","COc1ccc(-n2nnc(-c3cccc(NC(=O)c4ccc(C(F)(F)F)cc4)c3)n2)cc1",18.5
"CHEMBL598642","CO/C(=C\c1ccc(O)c(O)c1)C(=O)N/C=C/c1ccc(O)cc1",18.8
"CHEMBL476292","COc1ccc2c(c1)C(=O)CC(c1ccccc1)O2",19
"CHEMBL114","CC(C)(C)NC(=O)[C@@H]1C[C@@H]2CCCC[C@@H]2CN1C[C@@H](O)[C@H](Cc1ccccc1)NC(=O)[C@H](CC(N)=O)NC(=O)c1ccc2ccccc2n1",19.5
"CHEMBL163","CC(C)c1nc(CN(C)C(=O)N[C@H](C(=O)N[C@@H](Cc2ccccc2)C[C@H](O)[C@H](Cc2ccccc2)NC(=O)OCc2cncs2)C(C)C)cs1",19.5
"CHEMBL4074563","O=[N+]([O-])c1ccc(Nc2nc(-c3ccccc3)nc3ncccc23)cc1",19.5
"CHEMBL3353421","CC1CCc2c(c3c(n2C(C)C)-c2ccccc2C3=O)C1=O",20
"CHEMBL3542370","O=C(O)[C@H]1O[C@@H](Oc2c(O)cc3oc(-c4ccc(O)cc4)cc(=O)c3c2O)[C@H](O)[C@@H](O)[C@@H]1O",20
"CHEMBL429515","COc1cc2c(cc1OC)CN(CCc1ccc(NC(=O)c3ccccc3N)cc1)CC2",20.7
"CHEMBL28626","O=c1c(O)c(-c2ccc(O)cc2O)oc2cc(O)cc(O)c12",21
"CHEMBL408709","COc1cc2c(cc1OC)CN(CCc1ccc(NC(=O)c3ccccc3Br)cc1)CC2",21.8776
"CHEMBL1935215","O=C(/C=C/c1ccc(Cl)c(Cl)c1)c1ccc2ccccc2c1O",22.39
"CHEMBL556429","COc1ccc([C@@H]2CC(=O)c3c(O)cc(O)c(CC=C(C)C)c3O2)cc1",22.6
"CHEMBL259789","COc1cc2c(cc1OC)CN(CCc1ccc(NC(=O)c3cccc(Br)c3)cc1)CC2",22.9087
"CHEMBL601642","CO/C(=C\c1cc(Br)c(O)c(Br)c1)C(=O)N/C=C/c1ccc(OC(C)=O)cc1",23.2
"CHEMBL4204291","COCCOc1cc2c(cc1OC)CCN(CC(=O)c1ccc(C)c(NC(=O)c3ccc4ccccc4n3)c1)C2",23.24
"CHEMBL457379","CO/C(=C\c1ccc(O)cc1)C(=O)N/C=C/c1ccc(OC)cc1",23.3
"CHEMBL258909","COc1cc2c(cc1OC)CN(CCc1ccc(NC(=O)c3cnc4ccccc4c3)cc1)CC2",23.9883
"CHEMBL471170","COc1cc2c(cc1OC)CN(CCc1ccc(NC(=O)c3ccccc3)cc1)CC2",24.5471
"CHEMBL36506","CO[C@@H]1[C@@H](OC(N)=O)[C@@H](O)[C@H](Oc2ccc3c(O)c(NC(=O)c4ccc(O)c(CC=C(C)C)c4)c(=O)oc3c2C)OC1(C)C",25
"CHEMBL599354","CO/C(=C\c1ccc(O)cc1)C(=O)NCCc1ccc(O)cc1",25.2
"CHEMBL3644874","CO/C(=C\c1cccc(O)c1C#N)C(=O)N/C=C/c1ccccc1",26.9
"CHEMBL2063070","Cc1cn([C@H]2C[C@H](N=[N+]=[N-])[C@@H](COC(=O)CCCCCCCCC(=O)OC[C@H]3O[C@@H](n4cc(C)c(=O)[nH]c4=O)C[C@@H]3N=[N+]=[N-])O2)c(=O)[nH]c1=O",28.2
"CHEMBL1685074","COc1c2c(c3c(c1OC)[C@@]1(OC)C4=C(C(=O)[C@H](OC)[C@@]1(OC)O3)[C@H](OC)C[C@@H](c1ccccc1)O4)[C@H](O)C[C@@H](c1ccccc1)O2",29
"CHEMBL1957191","O=C1CCCc2c1c1c(n2Cc2ccccc2)-c2ccccc2C1=O",30
"CHEMBL317469","COc1ccc(C(=O)/C=C/c2ccccc2)c(O)c1",30.95
"CHEMBL3763734","COc1cc(O)c2c(=O)cc(C(=O)N3CCN(Cc4ccccc4[N+](=O)[O-])CC3)oc2c1",34.9
"CHEMBL1957190","CC(C)n1c2c(c3c1-c1ccccc1C3=O)C(=O)CCC2",35
"CHEMBL258575","COc1cc2c(cc1OC)CN(CCc1ccc(NC(=O)c3ccnc4ccccc34)cc1)CC2",36.3078
"CHEMBL3765024","COc1cc(OC)c2c(=O)cc(N3CCN(CCc4ccc([N+](=O)[O-])cc4)CC3)oc2c1",36.9
"CHEMBL3765551","COc1cc(OC)c2c(=O)cc(N3CCN(Cc4ccccc4[N+](=O)[O-])CC3)oc2c1",37.6
"CHEMBL3764197","COc1cc(OC)c2c(=O)cc(N3CCN(Cc4cccc([N+](=O)[O-])c4)CC3)oc2c1",38.2
"CHEMBL4203623","COc1ccc(-n2nnc(-c3ccc(NC(=O)c4ccc(C(F)(F)F)cc4)cc3)n2)cc1",39.8
"CHEMBL442464","COc1cc2c(cc1OC)CN(CCc1ccc(NC(=O)c3ccccc3[N+](=O)[O-])cc1)CC2",40
"CHEMBL409480","COc1cc2c(cc1OC)CN(CCc1ccc(NC(=O)c3cccnc3)cc1)CC2",44.6684
"CHEMBL258456","O=C(Nc1ccc(CCN2CCc3ccccc3C2)cc1)c1ccccc1[N+](=O)[O-]",45.7
"CHEMBL474757","COc1cc2c(cc1OC)CN(CCc1ccc(NC(=O)Nc3ccc(N)cc3)cc1)CC2",46.4
"CHEMBL260896","COc1ccc(C(=O)Nc2ccc(CCN3CCc4cc(OC)c(OC)cc4C3)cc2)cc1OC",47.863
"CHEMBL553","C#Cc1cccc(Nc2ncnc3cc(OCCOC)c(OCCOC)cc23)c1",50
"CHEMBL472818","COc1cc2c(cc1OC)CN(CCc1ccc(NC(=O)Nc3ccccc3N)cc1)CC2",58.4
"CHEMBL4072629","O=C(O)c1cccc(Nc2nc(-c3ccncc3)nc3ccccc23)c1",60
"CHEMBL160","C/C=C/C[C@@H](C)[C@@H](O)[C@H]1C(=O)N[C@@H](CC)C(=O)N(C)CC(=O)N(C)[C@@H](CC(C)C)C(=O)N[C@@H](C(C)C)C(=O)N(C)[C@@H](CC(C)C)C(=O)N[C@@H](C)C(=O)N[C@H](C)C(=O)N(C)[C@@H](CC(C)C)C(=O)N(C)[C@@H](CC(C)C)C(=O)N(C)[C@@H](C(C)C)C(=O)N1C",63.0957
"CHEMBL258574","COc1cc2c(cc1OC)CN(CCc1ccc(NC(=O)c3cc(OC)c(OC)cc3[N+](=O)[O-])cc1)CC2",64.5654
"CHEMBL4086143","O=C1CC(c2c[nH]c3ccc(F)cc23)C(=O)N1",65.4
"CHEMBL3764781","COc1cc(OC)c2c(=O)cc(N3CCN(Cc4ccc(F)c(F)c4)CC3)oc2c1",66.6
"CHEMBL1229211","C[C@@H]1CCO[C@H]2Cn3cc(C(=O)NCc4ccc(F)cc4F)c(=O)c(O)c3C(=O)N21",67
"CHEMBL472819","Nc1ccccc1NC(=O)Nc1ccc(CCN2CCc3ccccc3C2)cc1",74.1
"CHEMBL410897","Nc1ccc(C(=O)Nc2ccc(CCN3CCc4ccccc4C3)cc2)cc1",77.6247
"CHEMBL3764296","COc1cc(OC)c2c(=O)cc(N3CCN(Cc4ccc([N+](=O)[O-])cc4)CC3)oc2c1",87.8
"CHEMBL261632","COc1cc2c(cc1OC)CN(CCc1ccc(NC(=O)c3ccc(N)cc3)cc1)CC2",98.2
"CHEMBL3763752","COc1cc(OC)c2c(=O)cc(N3CCN(Cc4ccc(C#N)cc4)CC3)oc2c1",99.7
"CHEMBL258610","COc1cccc(CCc2ccccc2OCc2cccc(OC)c2OC)c1",120
"CHEMBL103","CC(=O)[C@H]1CC[C@H]2[C@@H]3CCC4=CC(=O)CC[C@]4(C)[C@H]3CC[C@]12C",125.8925
"CHEMBL272836","COc1cccc(CCc2ccccc2OCc2ccc(OC)c(OC)c2)c1",150
"CHEMBL472","COc1ccc(Cl)cc1C(=O)NCCc1ccc(S(=O)(=O)NC(=O)NC2CCCCC2)cc1",150
"CHEMBL6966","COc1ccc(CCN(C)CCCC(C#N)(c2ccc(OC)c(OC)c2)C(C)C)cc1OC",524.8075
"CHEMBL23","COc1ccc([C@@H]2Sc3ccccc3N(CCN(C)C)C(=O)[C@@H]2OC(C)=O)cc1",851.138
